id,idSubcategory,name,imgSmall,img
1,1,Caffè Americano,https://res.cloudinary.com/dkav9fvlo/image/upload/v1734988866/Starbucks-API/Sub%20categories/drinks/hot-coffees/americanos/u7kfwmafn2v7iqmu05rh.avi,https://res.cloudinary.com/dkav9fvlo/image/upload/v1735239136/Starbucks-API/products/drinks/hot%20coffees/americanos/jcvewwwextfnrakzjhop.avif
2,2,Featured Medium Roast - Pike Place® Roast,https://res.cloudinary.com/dkav9fvlo/image/upload/v1734988866/Starbucks-API/Sub%20categories/drinks/hot-coffees/brewed%20coffees/dmmuz0ogzhpia1mi30wl.avif,https://res.cloudinary.com/dkav9fvlo/image/upload/v1735239137/Starbucks-API/products/drinks/hot%20coffees/brewed%20coffees/h7whholeencdcdmxspkz.avif
3,2,Decaf Pike Place® Roast,https://res.cloudinary.com/dkav9fvlo/image/upload/v1734988866/Starbucks-API/Sub%20categories/drinks/hot-coffees/brewed%20coffees/nerbwsdrcmbqwrfs2guz.avif,https://res.cloudinary.com/dkav9fvlo/image/upload/v1735239137/Starbucks-API/products/drinks/hot%20coffees/brewed%20coffees/aidimxr8zpwflc3nmtbg.avif
4,2,Caffè Misto,https://res.cloudinary.com/dkav9fvlo/image/upload/v1734988866/Starbucks-API/Sub%20categories/drinks/hot-coffees/brewed%20coffees/iljo3rapzjeyu4qptozg.avif,https://res.cloudinary.com/dkav9fvlo/image/upload/v1735239136/Starbucks-API/products/drinks/hot%20coffees/brewed%20coffees/tjhgekw6nmxw62svuqf3.avif
5,2,Featured Dark Roast,https://res.cloudinary.com/dkav9fvlo/image/upload/v1734988866/Starbucks-API/Sub%20categories/drinks/hot-coffees/brewed%20coffees/dmmuz0ogzhpia1mi30wl.avif,https://res.cloudinary.com/dkav9fvlo/image/upload/v1735239137/Starbucks-API/products/drinks/hot%20coffees/brewed%20coffees/aidimxr8zpwflc3nmtbg.avif
6,3,Cappuccino,https://res.cloudinary.com/dkav9fvlo/image/upload/v1734988866/Starbucks-API/Sub%20categories/drinks/hot-coffees/capuccinos/ubwsbtupmipyjv92n3hr.avif,https://res.cloudinary.com/dkav9fvlo/image/upload/v1735239137/Starbucks-API/products/drinks/hot%20coffees/capuccinos/zigzgwkqqfplevrczpv0.avif
7,4,Espresso,https://res.cloudinary.com/dkav9fvlo/image/upload/v1734988867/Starbucks-API/Sub%20categories/drinks/hot-coffees/espresso%20shots/gbng0sjr6tqnfyleokiq.avif,https://res.cloudinary.com/dkav9fvlo/image/upload/v1735239138/Starbucks-API/products/drinks/hot%20coffees/espresso%20shots/vzenwpvh9u2kuy4gzkk9.avif
8,4,Espresso Con Panna,https://res.cloudinary.com/dkav9fvlo/image/upload/v1734988866/Starbucks-API/Sub%20categories/drinks/hot-coffees/espresso%20shots/yi0uvecsmfkrjz4mv2wk.avif,https://res.cloudinary.com/dkav9fvlo/image/upload/v1735239138/Starbucks-API/products/drinks/hot%20coffees/espresso%20shots/qufgctttiyxeoswjtiuh.avif
9,5,Flat White,https://res.cloudinary.com/dkav9fvlo/image/upload/v1734988867/Starbucks-API/Sub%20categories/drinks/hot-coffees/flat%20whites/idt4gpcjvvor4c4ihxem.avif,https://res.cloudinary.com/dkav9fvlo/image/upload/v1735239138/Starbucks-API/products/drinks/hot%20coffees/flat%20whites/pg5gurpxavmpbxmofojn.avif
10,5,Honey Almondmilk Flat White,https://res.cloudinary.com/dkav9fvlo/image/upload/v1734988867/Starbucks-API/Sub%20categories/drinks/hot-coffees/flat%20whites/idt4gpcjvvor4c4ihxem.avif,https://res.cloudinary.com/dkav9fvlo/image/upload/v1735239138/Starbucks-API/products/drinks/hot%20coffees/flat%20whites/ri5du039hejeaunhrar1.avif
11,6,Caramel Brulée Latte,https://res.cloudinary.com/dkav9fvlo/image/upload/v1734988867/Starbucks-API/Sub%20categories/drinks/hot-coffees/lattes/xerguyjb0ljhsft7sf5f.avif,https://res.cloudinary.com/dkav9fvlo/image/upload/v1735239140/Starbucks-API/products/drinks/hot%20coffees/lattes/ny5d341jthtvvrqckf2n.avif
12,6,Chestnut Praline Latte,https://res.cloudinary.com/dkav9fvlo/image/upload/v1734988867/Starbucks-API/Sub%20categories/drinks/hot-coffees/lattes/humfrud3la5yqf86aghm.avif,https://res.cloudinary.com/dkav9fvlo/image/upload/v1735239139/Starbucks-API/products/drinks/hot%20coffees/lattes/zczqtxtvrtxt28mfde4c.avif
13,6,Gingerbread Latte,https://res.cloudinary.com/dkav9fvlo/image/upload/v1734988867/Starbucks-API/Sub%20categories/drinks/hot-coffees/lattes/dq4ydxs1hknufxsfk8g6.avif,https://res.cloudinary.com/dkav9fvlo/image/upload/v1735239139/Starbucks-API/products/drinks/hot%20coffees/lattes/w7pab69l2lxer89nbiia.avif
14,6,Sugar Cookie Almondmilk Latte,https://res.cloudinary.com/dkav9fvlo/image/upload/v1734988867/Starbucks-API/Sub%20categories/drinks/hot-coffees/lattes/jllzasowhua3ipyjvokz.avif,https://res.cloudinary.com/dkav9fvlo/image/upload/v1735239140/Starbucks-API/products/drinks/hot%20coffees/lattes/pqqklorrduqxhahba9mk.avif
15,6,Caffè Latte,https://res.cloudinary.com/dkav9fvlo/image/upload/v1734988867/Starbucks-API/Sub%20categories/drinks/hot-coffees/lattes/ibvudbnu9pgkmxwmm5gg.avif,https://res.cloudinary.com/dkav9fvlo/image/upload/v1735239140/Starbucks-API/products/drinks/hot%20coffees/lattes/rjxh9pvdcegyikyncvrl.avif
16,6,Cinnamon Dolce Latte,https://res.cloudinary.com/dkav9fvlo/image/upload/v1734988867/Starbucks-API/Sub%20categories/drinks/hot-coffees/lattes/tfuwnmdtgrxrqaguaohg.avif,https://res.cloudinary.com/dkav9fvlo/image/upload/v1735239140/Starbucks-API/products/drinks/hot%20coffees/lattes/x7eeugszkwbzflqrs8pt.avif
17,6,Starbucks® Blonde Vanilla Latte,https://res.cloudinary.com/dkav9fvlo/image/upload/v1734988867/Starbucks-API/Sub%20categories/drinks/hot-coffees/lattes/ibvudbnu9pgkmxwmm5gg.avif,https://res.cloudinary.com/dkav9fvlo/image/upload/v1735239140/Starbucks-API/products/drinks/hot%20coffees/lattes/rjxh9pvdcegyikyncvrl.avif
18,7,Caramel Macchiato,https://res.cloudinary.com/dkav9fvlo/image/upload/v1734988868/Starbucks-API/Sub%20categories/drinks/hot-coffees/macchiatos/th6hlq6ny6wk8r2vffsj.avif,https://res.cloudinary.com/dkav9fvlo/image/upload/v1735239141/Starbucks-API/products/drinks/hot%20coffees/macchiatos/bctzh0spanuugj3svfb6.avif
19,7,Espresso Macchiato,https://res.cloudinary.com/dkav9fvlo/image/upload/v1734988868/Starbucks-API/Sub%20categories/drinks/hot-coffees/macchiatos/pzo4smcou0ziktnub5vr.avif,https://res.cloudinary.com/dkav9fvlo/image/upload/v1735239141/Starbucks-API/products/drinks/hot%20coffees/macchiatos/alhnk1endpn9unmk8r4t.avif
20,8,Peppermint Mocha,https://res.cloudinary.com/dkav9fvlo/image/upload/v1734988868/Starbucks-API/Sub%20categories/drinks/hot-coffees/mochas/lpz7simistxkphjbmt1f.avif,https://res.cloudinary.com/dkav9fvlo/image/upload/v1735239142/Starbucks-API/products/drinks/hot%20coffees/mochas/l3jek9a9diqelhokyec6.avif
21,8,Peppermint White Chocolate Mocha,https://res.cloudinary.com/dkav9fvlo/image/upload/v1734988868/Starbucks-API/Sub%20categories/drinks/hot-coffees/mochas/w6faglllgmtlwaq7tc4h.avif,https://res.cloudinary.com/dkav9fvlo/image/upload/v1735239142/Starbucks-API/products/drinks/hot%20coffees/mochas/bmghigzn3orkgizxg5s5.avif
22,8,Caffè Mocha,https://res.cloudinary.com/dkav9fvlo/image/upload/v1734988868/Starbucks-API/Sub%20categories/drinks/hot-coffees/mochas/ta5icodybccza7dzgakt.avif,https://res.cloudinary.com/dkav9fvlo/image/upload/v1735239142/Starbucks-API/products/drinks/hot%20coffees/mochas/vuukffvizqfqohhmawvr.avif
23,8,White Chocolate Mocha,https://res.cloudinary.com/dkav9fvlo/image/upload/v1734988868/Starbucks-API/Sub%20categories/drinks/hot-coffees/mochas/w6wj2eoomlqrxr4hw9zj.avif,https://res.cloudinary.com/dkav9fvlo/image/upload/v1735239141/Starbucks-API/products/drinks/hot%20coffees/mochas/fxib68jqlwdm7yqofi3a.avif
24,9,Coffee Traveler - Veranda Blend®,https://res.cloudinary.com/dkav9fvlo/image/upload/v1734988868/Starbucks-API/Sub%20categories/drinks/hot-coffees/rpi9p7wxfsvojztzk6ic.avif,https://res.cloudinary.com/dkav9fvlo/image/upload/v1735239137/Starbucks-API/products/drinks/hot%20coffees/coffee%20travelers/rjwohwpwjcbtze8dk9sh.avif
25,9,Coffee Traveler - Pike Place® Roast,https://res.cloudinary.com/dkav9fvlo/image/upload/v1734988868/Starbucks-API/Sub%20categories/drinks/hot-coffees/rpi9p7wxfsvojztzk6ic.avif,https://res.cloudinary.com/dkav9fvlo/image/upload/v1735239137/Starbucks-API/products/drinks/hot%20coffees/coffee%20travelers/rjwohwpwjcbtze8dk9sh.avif
26,9,Coffee Traveler - Dark Roast,https://res.cloudinary.com/dkav9fvlo/image/upload/v1734988868/Starbucks-API/Sub%20categories/drinks/hot-coffees/rpi9p7wxfsvojztzk6ic.avif,https://res.cloudinary.com/dkav9fvlo/image/upload/v1735239137/Starbucks-API/products/drinks/hot%20coffees/coffee%20travelers/rjwohwpwjcbtze8dk9sh.avif
27,9,Coffee Traveler - Decaf Pike Place® Roast,https://res.cloudinary.com/dkav9fvlo/image/upload/v1734988868/Starbucks-API/Sub%20categories/drinks/hot-coffees/rpi9p7wxfsvojztzk6ic.avif,https://res.cloudinary.com/dkav9fvlo/image/upload/v1735239137/Starbucks-API/products/drinks/hot%20coffees/coffee%20travelers/rjwohwpwjcbtze8dk9sh.avif
28,10,Pistachio Cream Cold Brew,https://res.cloudinary.com/dkav9fvlo/image/upload/v1734991128/Starbucks-API/Sub%20categories/drinks/cold-coffees/cold%20brews/q9gjcom6gvsevf1nq4fh.avif,https://res.cloudinary.com/dkav9fvlo/image/upload/v1735241343/Starbucks-API/products/drinks/cold%20coffees/cold%20brews/u1wjlch4eclpfxq40kyq.avif
29,10,Salted Caramel Cream Cold Brew,https://res.cloudinary.com/dkav9fvlo/image/upload/v1734991129/Starbucks-API/Sub%20categories/drinks/cold-coffees/cold%20brews/nfkzcd0qz2acz0hotxeh.avif,https://res.cloudinary.com/dkav9fvlo/image/upload/v1735241362/Starbucks-API/products/drinks/cold%20coffees/cold%20brews/o8ugznvriwkghjawvyqq.avif
30,10,Chocolate Cream Cold Brew,https://res.cloudinary.com/dkav9fvlo/image/upload/v1734991129/Starbucks-API/Sub%20categories/drinks/cold-coffees/cold%20brews/ya7beiuuldon3cnrntin.avif,https://res.cloudinary.com/dkav9fvlo/image/upload/v1735241362/Starbucks-API/products/drinks/cold%20coffees/cold%20brews/ulba5ofpctknbakb6dkx.avif
31,10,Starbucks® Cold Brew Coffee,https://res.cloudinary.com/dkav9fvlo/image/upload/v1734991129/Starbucks-API/Sub%20categories/drinks/cold-coffees/cold%20brews/ayrdzajizrfwlcszm6ou.avif,https://res.cloudinary.com/dkav9fvlo/image/upload/v1735241344/Starbucks-API/products/drinks/cold%20coffees/cold%20brews/p5kpe2zxaibwqzzomifn.avif
32,10,Vanilla Sweet Cream Cold Brew,https://res.cloudinary.com/dkav9fvlo/image/upload/v1734991129/Starbucks-API/Sub%20categories/drinks/cold-coffees/cold%20brews/n3uhdtugyfai7xpsgaan.avif,https://res.cloudinary.com/dkav9fvlo/image/upload/v1735241344/Starbucks-API/products/drinks/cold%20coffees/cold%20brews/phg1ztvgfk2ltc7ruoh2.avif
33,10,Nondairy Salted Caramel Cream Cold Brew,https://res.cloudinary.com/dkav9fvlo/image/upload/v1734991128/Starbucks-API/Sub%20categories/drinks/cold-coffees/cold%20brews/iqyeslt0mqlyaxlajtut.avif,https://res.cloudinary.com/dkav9fvlo/image/upload/v1735241342/Starbucks-API/products/drinks/cold%20coffees/cold%20brews/lces5kghebf3s30hdeqz.avif
34,10,Nondairy Vanilla Sweet Cream Cold Brew,https://res.cloudinary.com/dkav9fvlo/image/upload/v1734991128/Starbucks-API/Sub%20categories/drinks/cold-coffees/cold%20brews/rjr8m8bucikxjywa1egn.avif,https://res.cloudinary.com/dkav9fvlo/image/upload/v1735241342/Starbucks-API/products/drinks/cold%20coffees/cold%20brews/dcdaan6vyyxt44ipg1rc.avif
35,10,Cold Brew with Nondairy Vanilla Sweet Cream Cold Foam,https://res.cloudinary.com/dkav9fvlo/image/upload/v1734991128/Starbucks-API/Sub%20categories/drinks/cold-coffees/cold%20brews/jcqliwr9dsnjabkelebm.avif,https://res.cloudinary.com/dkav9fvlo/image/upload/v1735241343/Starbucks-API/products/drinks/cold%20coffees/cold%20brews/vaxkogtzpmjgskwq9nza.avif
36,10,Nondairy Chocolate Cream Cold Brew,https://res.cloudinary.com/dkav9fvlo/image/upload/v1734991128/Starbucks-API/Sub%20categories/drinks/cold-coffees/cold%20brews/ynpbhyqlnrthewhej3lc.avif,https://res.cloudinary.com/dkav9fvlo/image/upload/v1735241342/Starbucks-API/products/drinks/cold%20coffees/cold%20brews/j4gu6j7lu7yvayr9afzr.avif
37,11,Vanilla Sweet Cream Nitro Cold Brew,https://res.cloudinary.com/dkav9fvlo/image/upload/v1734991132/Starbucks-API/Sub%20categories/drinks/cold-coffees/nitro%20cold%20brews/li72qcdqhainywi9l4uj.avif,https://res.cloudinary.com/dkav9fvlo/image/upload/v1735241902/Starbucks-API/products/drinks/cold%20coffees/nitro%20cold%20brews/blvspe7aeypeskwin2wf.avif
38,11,Nitro Cold Brew,https://res.cloudinary.com/dkav9fvlo/image/upload/v1734991132/Starbucks-API/Sub%20categories/drinks/cold-coffees/nitro%20cold%20brews/p4qci79uxzhbtaxhg5gx.avif,https://res.cloudinary.com/dkav9fvlo/image/upload/v1735241902/Starbucks-API/products/drinks/cold%20coffees/nitro%20cold%20brews/bkmjyr8ctztnlpasfscj.avif
39,12,Iced Caffè Americano,https://res.cloudinary.com/dkav9fvlo/image/upload/v1734991129/Starbucks-API/Sub%20categories/drinks/cold-coffees/iced%20americano/zih79igyiiz9ahozd9qa.avif,https://res.cloudinary.com/dkav9fvlo/image/upload/v1735241362/Starbucks-API/products/drinks/cold%20coffees/iced%20americano/epr6w4tk3nu6ncs2dlua.avif
40,13,Iced Coffee,https://res.cloudinary.com/dkav9fvlo/image/upload/v1734991129/Starbucks-API/Sub%20categories/drinks/cold-coffees/iced%20coffees/uqxetqnln63xstb1ylyf.avif,https://res.cloudinary.com/dkav9fvlo/image/upload/v1735241902/Starbucks-API/products/drinks/cold%20coffees/iceed%20coffees/qitfmhakafdeay7a5aa2.avif
41,13,Iced Coffee Clover Vertica™,https://res.cloudinary.com/dkav9fvlo/image/upload/v1734991129/Starbucks-API/Sub%20categories/drinks/cold-coffees/iced%20coffees/uqxetqnln63xstb1ylyf.avif,https://res.cloudinary.com/dkav9fvlo/image/upload/v1735241902/Starbucks-API/products/drinks/cold%20coffees/iceed%20coffees/qitfmhakafdeay7a5aa2.avif
42,14,Iced Espresso,https://res.cloudinary.com/dkav9fvlo/image/upload/v1734991132/Starbucks-API/Sub%20categories/drinks/cold-coffees/iced%20shaken%20espresso/k4r3cgfdry2reamtqpfz.avif,https://res.cloudinary.com/dkav9fvlo/image/upload/v1735241901/Starbucks-API/products/drinks/cold%20coffees/iced%20shaken%20espresso/tkmpd9hazvjhljkpezid.avif
43,14,Iced Hazelnut Oatmilk Shaken Espresso,https://res.cloudinary.com/dkav9fvlo/image/upload/v1734991132/Starbucks-API/Sub%20categories/drinks/cold-coffees/iced%20shaken%20espresso/guvuyru5hrv44rqm3kp2.avif,https://res.cloudinary.com/dkav9fvlo/image/upload/v1735241901/Starbucks-API/products/drinks/cold%20coffees/iced%20shaken%20espresso/ppoahu3aris9y1wshepu.avif
44,14,Iced Brown Sugar Oatmilk Shaken Espresso,https://res.cloudinary.com/dkav9fvlo/image/upload/v1734991132/Starbucks-API/Sub%20categories/drinks/cold-coffees/iced%20shaken%20espresso/ypqpiovccj7ivb99tfdg.avif,https://res.cloudinary.com/dkav9fvlo/image/upload/v1735241901/Starbucks-API/products/drinks/cold%20coffees/iced%20shaken%20espresso/mr269ytxwdqnkljvswis.avif
45,14,Iced Shaken Espresso,https://res.cloudinary.com/dkav9fvlo/image/upload/v1734991132/Starbucks-API/Sub%20categories/drinks/cold-coffees/iced%20shaken%20espresso/wugirbsfvrgzi4k9euxp.avif,https://res.cloudinary.com/dkav9fvlo/image/upload/v1735241901/Starbucks-API/products/drinks/cold%20coffees/iced%20shaken%20espresso/n2zopclizeniygrr4cx1.avif
46,15,Iced Flat White,https://res.cloudinary.com/dkav9fvlo/image/upload/v1734991129/Starbucks-API/Sub%20categories/drinks/cold-coffees/iced%20flat%20whites/xcahz6zaicjlzmhzdfw1.avif,https://res.cloudinary.com/dkav9fvlo/image/upload/v1735241363/Starbucks-API/products/drinks/cold%20coffees/iced%20flat%20whites/evzwj8dxewtpsahigg34.avif
47,15,Iced Honey Almondmilk Flat White,https://res.cloudinary.com/dkav9fvlo/image/upload/v1734991130/Starbucks-API/Sub%20categories/drinks/cold-coffees/iced%20flat%20whites/afjilkkorchdodbgzpvz.avif,https://res.cloudinary.com/dkav9fvlo/image/upload/v1735241363/Starbucks-API/products/drinks/cold%20coffees/iced%20flat%20whites/fl299dxbqyqcl5ip4ono.avif
48,16,Iced Caramel Brulée Latte,https://res.cloudinary.com/dkav9fvlo/image/upload/v1734991131/Starbucks-API/Sub%20categories/drinks/cold-coffees/iced%20lattes/w9jgyagg1rjqx3g66bet.avif,https://res.cloudinary.com/dkav9fvlo/image/upload/v1735241366/Starbucks-API/products/drinks/cold%20coffees/iced%20lattes/top17n7et7zxl6717rk8.avif
49,16,Iced Gingerbread Latte,https://res.cloudinary.com/dkav9fvlo/image/upload/v1734991130/Starbucks-API/Sub%20categories/drinks/cold-coffees/iced%20lattes/wefbnf2azzludc9rdegn.avif,https://res.cloudinary.com/dkav9fvlo/image/upload/v1735241364/Starbucks-API/products/drinks/cold%20coffees/iced%20lattes/zhnm5rekwivls5pnzekp.avif
50,16,Iced Sugar Cookie Almondmilk Latte,https://res.cloudinary.com/dkav9fvlo/image/upload/v1734991130/Starbucks-API/Sub%20categories/drinks/cold-coffees/iced%20lattes/ldexkn4festqwqewzupb.avif,https://res.cloudinary.com/dkav9fvlo/image/upload/v1735241364/Starbucks-API/products/drinks/cold%20coffees/iced%20lattes/kaulhok2rr3tsretajja.avif
51,16,Iced Starbucks® Blonde Vanilla Latte,https://res.cloudinary.com/dkav9fvlo/image/upload/v1734991130/Starbucks-API/Sub%20categories/drinks/cold-coffees/iced%20lattes/gin9ydpepbhhuh9mhwps.avif,https://res.cloudinary.com/dkav9fvlo/image/upload/v1735241365/Starbucks-API/products/drinks/cold%20coffees/iced%20lattes/od2cffaj8voreod7iy8g.avif
52,16,Iced Caffè Latte,https://res.cloudinary.com/dkav9fvlo/image/upload/v1734991130/Starbucks-API/Sub%20categories/drinks/cold-coffees/iced%20lattes/oaw8msxwqyzbnblogf9m.avif,https://res.cloudinary.com/dkav9fvlo/image/upload/v1735241365/Starbucks-API/products/drinks/cold%20coffees/iced%20lattes/utokyaqfkkhq6nqkys6d.avif
53,16,Iced Cinnamon Dolce Latte,https://res.cloudinary.com/dkav9fvlo/image/upload/v1734991131/Starbucks-API/Sub%20categories/drinks/cold-coffees/iced%20lattes/gliup83u3hau1xsfb4gm.avif,https://res.cloudinary.com/dkav9fvlo/image/upload/v1735241365/Starbucks-API/products/drinks/cold%20coffees/iced%20lattes/mczoxiggom7s30rz6vaa.avif
54,17,Iced Caramel Macchiato,https://res.cloudinary.com/dkav9fvlo/image/upload/v1734991131/Starbucks-API/Sub%20categories/drinks/cold-coffees/iced%20mecchiatos/qt9bvs3spqel7mokc2el.avif,https://res.cloudinary.com/dkav9fvlo/image/upload/v1735241368/Starbucks-API/products/drinks/cold%20coffees/iced%20macchiatos/tvogctpfrhdtnstkp6lx.avif
55,18,Iced Peppermint Mocha,https://res.cloudinary.com/dkav9fvlo/image/upload/v1734991131/Starbucks-API/Sub%20categories/drinks/cold-coffees/iced%20mochas/gmwilntyaxiu14feiaxg.avif,https://res.cloudinary.com/dkav9fvlo/image/upload/v1735241406/Starbucks-API/products/drinks/cold%20coffees/iced%20mochas/t8djfez5haat63jiv6no.avif
56,18,Iced Peppermint White Chocolate Mocha,https://res.cloudinary.com/dkav9fvlo/image/upload/v1734991131/Starbucks-API/Sub%20categories/drinks/cold-coffees/iced%20mochas/o0c3cx9aosf7tgigf8fy.avif,https://res.cloudinary.com/dkav9fvlo/image/upload/v1735241368/Starbucks-API/products/drinks/cold%20coffees/iced%20mochas/tidvvfdupmd6o5vryp52.avif
57,18,Iced White Chocolate Mocha,https://res.cloudinary.com/dkav9fvlo/image/upload/v1734991131/Starbucks-API/Sub%20categories/drinks/cold-coffees/iced%20mochas/nwqucmzxyxe2h7hslkrs.avif,https://res.cloudinary.com/dkav9fvlo/image/upload/v1735241368/Starbucks-API/products/drinks/cold%20coffees/iced%20mochas/rdzuqdb9uetuvkzpqcxl.avif
58,18,Iced Caffè Mocha,https://res.cloudinary.com/dkav9fvlo/image/upload/v1734991131/Starbucks-API/Sub%20categories/drinks/cold-coffees/iced%20mochas/cmju9ftofhlkiuidgjpp.avif,https://res.cloudinary.com/dkav9fvlo/image/upload/v1735241368/Starbucks-API/products/drinks/cold%20coffees/iced%20mochas/gz2rrnhm6myu8p0y2f5y.avif
59,16,Iced Chestnut Praline Latte,https://res.cloudinary.com/dkav9fvlo/image/upload/v1734991131/Starbucks-API/Sub%20categories/drinks/cold-coffees/iced%20lattes/jw08btahsyk3jhnqx4hr.avif,https://res.cloudinary.com/dkav9fvlo/image/upload/v1735241366/Starbucks-API/products/drinks/cold%20coffees/iced%20lattes/ztthokhruq7ggksczoj8.avif
60,19,Cran-Merry Orange Refresher,https://res.cloudinary.com/dkav9fvlo/image/upload/v1734991767/Starbucks-API/Sub%20categories/drinks/starbucks-refreshers-beverages/seasonal%20exclusives/q6b76u8i5t6huoccqnaj.avif,https://res.cloudinary.com/dkav9fvlo/image/upload/v1735242037/Starbucks-API/products/drinks/starbucks%20refreshers%20beverages/seasonal%20exclusives/uvecbirg2rsdqrs8enhb.avif
61,19,Cran-Merry Orange Lemonade Refresher,https://res.cloudinary.com/dkav9fvlo/image/upload/v1734991766/Starbucks-API/Sub%20categories/drinks/starbucks-refreshers-beverages/seasonal%20exclusives/yubuimz3iphemtbjctgt.avif,https://res.cloudinary.com/dkav9fvlo/image/upload/v1735242037/Starbucks-API/products/drinks/starbucks%20refreshers%20beverages/seasonal%20exclusives/m2szofxlvvtkvq1tm7hd.avif
62,19,Cran-Merry Drink,https://res.cloudinary.com/dkav9fvlo/image/upload/v1734991766/Starbucks-API/Sub%20categories/drinks/starbucks-refreshers-beverages/seasonal%20exclusives/gf0qozaw5vdfjcsox1hi.avif,https://res.cloudinary.com/dkav9fvlo/image/upload/v1735242037/Starbucks-API/products/drinks/starbucks%20refreshers%20beverages/seasonal%20exclusives/gpclspj4pjudc8gwxnyu.avif
63,20,Strawberry Açaí Lemonade Refresher,https://res.cloudinary.com/dkav9fvlo/image/upload/v1734991765/Starbucks-API/Sub%20categories/drinks/starbucks-refreshers-beverages/lemonades%20and%20frozen/tumnkn9lpgsn7jr1qbfs.avif,https://res.cloudinary.com/dkav9fvlo/image/upload/v1735242036/Starbucks-API/products/drinks/starbucks%20refreshers%20beverages/lemonades%20and%20frozen/srki0vyklt2eqsh57eap.avif
64,20,Mango Dragonfruit Lemonade Refresher,https://res.cloudinary.com/dkav9fvlo/image/upload/v1734991765/Starbucks-API/Sub%20categories/drinks/starbucks-refreshers-beverages/lemonades%20and%20frozen/vhpuzaq9unpdtkv47nks.avif,https://res.cloudinary.com/dkav9fvlo/image/upload/v1735242036/Starbucks-API/products/drinks/starbucks%20refreshers%20beverages/lemonades%20and%20frozen/zhhyjsvoofe30lizhhxr.avif
65,20,Pineapple Passionfruit Lemonade Refresher,https://res.cloudinary.com/dkav9fvlo/image/upload/v1734991765/Starbucks-API/Sub%20categories/drinks/starbucks-refreshers-beverages/lemonades%20and%20frozen/eenjjiu0qcitqusi88sl.avif,https://res.cloudinary.com/dkav9fvlo/image/upload/v1735242036/Starbucks-API/products/drinks/starbucks%20refreshers%20beverages/lemonades%20and%20frozen/vwy9k8gieoxez7bgaal4.avif
66,20,Frozen Strawberry Açaí Lemonade Refresher,https://res.cloudinary.com/dkav9fvlo/image/upload/v1734991766/Starbucks-API/Sub%20categories/drinks/starbucks-refreshers-beverages/lemonades%20and%20frozen/rtmrhsqzhfprp4ywrfsk.avif,https://res.cloudinary.com/dkav9fvlo/image/upload/v1735242037/Starbucks-API/products/drinks/starbucks%20refreshers%20beverages/lemonades%20and%20frozen/juyoo38dhwllu5qxpy62.avif
67,20,Frozen Mango Dragonfruit Lemonade Refresher,https://res.cloudinary.com/dkav9fvlo/image/upload/v1734991765/Starbucks-API/Sub%20categories/drinks/starbucks-refreshers-beverages/lemonades%20and%20frozen/mrltrao42owl5ffpwy79.avif,https://res.cloudinary.com/dkav9fvlo/image/upload/v1735242036/Starbucks-API/products/drinks/starbucks%20refreshers%20beverages/lemonades%20and%20frozen/tehnfizqtbngku7ucodt.avif
68,21,Pink Drink,https://res.cloudinary.com/dkav9fvlo/image/upload/v1734991765/Starbucks-API/Sub%20categories/drinks/starbucks-refreshers-beverages/coconutmilk%20colecction/ii4twpe4tcobec6uuatx.avif,https://res.cloudinary.com/dkav9fvlo/image/upload/v1735242036/Starbucks-API/products/drinks/starbucks%20refreshers%20beverages/coconutmilk%20collection/rfppru5tf7pmsxhjur2o.avif
69,21,Dragon Drink®,https://res.cloudinary.com/dkav9fvlo/image/upload/v1734991765/Starbucks-API/Sub%20categories/drinks/starbucks-refreshers-beverages/coconutmilk%20colecction/mcyalh2lpgzhjrx1569q.avif,https://res.cloudinary.com/dkav9fvlo/image/upload/v1735242036/Starbucks-API/products/drinks/starbucks%20refreshers%20beverages/coconutmilk%20collection/yooacjceyvqxcgajmauh.avif
70,21,Paradise Drink,https://res.cloudinary.com/dkav9fvlo/image/upload/v1734991765/Starbucks-API/Sub%20categories/drinks/starbucks-refreshers-beverages/coconutmilk%20colecction/cqovkge4wikvqod29cd9.avif,https://res.cloudinary.com/dkav9fvlo/image/upload/v1735242036/Starbucks-API/products/drinks/starbucks%20refreshers%20beverages/coconutmilk%20collection/qxhciomm2oyf8vnma1gm.avif
71,22,Pineapple Passionfruit Refresher,https://res.cloudinary.com/dkav9fvlo/image/upload/v1734991765/Starbucks-API/Sub%20categories/drinks/starbucks-refreshers-beverages/classics/ws5ryuqhnnhnbgghjmzz.avif,https://res.cloudinary.com/dkav9fvlo/image/upload/v1735242036/Starbucks-API/products/drinks/starbucks%20refreshers%20beverages/classics/tdjn5nyipj3q4oedtc3u.avif
72,22,Mango Dragonfruit Refresher,https://res.cloudinary.com/dkav9fvlo/image/upload/v1734991764/Starbucks-API/Sub%20categories/drinks/starbucks-refreshers-beverages/classics/bavd7laivypcm4gaed1e.avif,https://res.cloudinary.com/dkav9fvlo/image/upload/v1735242036/Starbucks-API/products/drinks/starbucks%20refreshers%20beverages/classics/xixx3zxjctvuxuci0dgl.avif
73,22,Strawberry Açaí Refresher,https://res.cloudinary.com/dkav9fvlo/image/upload/v1734991764/Starbucks-API/Sub%20categories/drinks/starbucks-refreshers-beverages/classics/v8rkukqqf987ygii7vnw.avif,https://res.cloudinary.com/dkav9fvlo/image/upload/v1735242035/Starbucks-API/products/drinks/starbucks%20refreshers%20beverages/classics/tyk6h4znobzstog7ipae.avif
74,23,Caramel Brulée Frappuccino® Blended Beverage,https://res.cloudinary.com/dkav9fvlo/image/upload/v1735013894/Starbucks-API/Sub%20categories/drinks/frapuccino%20blended%20beverages/coffee%20frapuccino/fuatssvgrtvx4ez37xe1.avif,https://res.cloudinary.com/dkav9fvlo/image/upload/v1735244102/Starbucks-API/products/drinks/frapuccino%20blended%20beverages/coffee%20frapuccino/ibhfjpxk8bkmfu2socls.avif
75,23,Chestnut Praline Frappuccino® Blended Beverage,https://res.cloudinary.com/dkav9fvlo/image/upload/v1735013894/Starbucks-API/Sub%20categories/drinks/frapuccino%20blended%20beverages/coffee%20frapuccino/plfpxxeusuqolujakaxk.avif,https://res.cloudinary.com/dkav9fvlo/image/upload/v1735244102/Starbucks-API/products/drinks/frapuccino%20blended%20beverages/coffee%20frapuccino/bpletytx1atn8dhgaddg.avif
76,23,Peppermint Mocha Frappuccino® Blended Beverage,https://res.cloudinary.com/dkav9fvlo/image/upload/v1735013895/Starbucks-API/Sub%20categories/drinks/frapuccino%20blended%20beverages/coffee%20frapuccino/isjrauvx7qom2b4sevzh.avif,https://res.cloudinary.com/dkav9fvlo/image/upload/v1735244103/Starbucks-API/products/drinks/frapuccino%20blended%20beverages/coffee%20frapuccino/jgi0siyv4wfajywb0byc.avif
77,23,Peppermint White Chocolate Mocha Frappuccino® Blended Beverage,https://res.cloudinary.com/dkav9fvlo/image/upload/v1735013894/Starbucks-API/Sub%20categories/drinks/frapuccino%20blended%20beverages/coffee%20frapuccino/rkhsi1abtuwgboqasd2d.avif,https://res.cloudinary.com/dkav9fvlo/image/upload/v1735244102/Starbucks-API/products/drinks/frapuccino%20blended%20beverages/coffee%20frapuccino/a4jiwm74ju0jp5ba7qud.avif
78,23,Sugar Cookie Almondmilk Frappuccino® Blended Beverage,https://res.cloudinary.com/dkav9fvlo/image/upload/v1735013895/Starbucks-API/Sub%20categories/drinks/frapuccino%20blended%20beverages/coffee%20frapuccino/rxo8phjca7r0knjkl1el.avif,https://res.cloudinary.com/dkav9fvlo/image/upload/v1735244103/Starbucks-API/products/drinks/frapuccino%20blended%20beverages/coffee%20frapuccino/cbwatp4tcerppmh1ltg0.avif
79,23,Mocha Cookie Crumble Frappuccino®,https://res.cloudinary.com/dkav9fvlo/image/upload/v1735013895/Starbucks-API/Sub%20categories/drinks/frapuccino%20blended%20beverages/coffee%20frapuccino/bg9dkmw41s4pkrsjoeo5.avif,https://res.cloudinary.com/dkav9fvlo/image/upload/v1735244103/Starbucks-API/products/drinks/frapuccino%20blended%20beverages/coffee%20frapuccino/li1fzhtfpecobfmypr2n.avif
80,23,Caramel Ribbon Crunch Frappuccino® Blended Beverage,https://res.cloudinary.com/dkav9fvlo/image/upload/v1735013895/Starbucks-API/Sub%20categories/drinks/frapuccino%20blended%20beverages/coffee%20frapuccino/hgwtyjqhbez5zvxzzkne.avif,https://res.cloudinary.com/dkav9fvlo/image/upload/v1735244103/Starbucks-API/products/drinks/frapuccino%20blended%20beverages/coffee%20frapuccino/wxbbgaxyj669x25wrxae.avif
81,23,Espresso Frappuccino® Blended Beverage,https://res.cloudinary.com/dkav9fvlo/image/upload/v1735013894/Starbucks-API/Sub%20categories/drinks/frapuccino%20blended%20beverages/coffee%20frapuccino/kmfjsbbyglrfdzchntux.avif,https://res.cloudinary.com/dkav9fvlo/image/upload/v1735244102/Starbucks-API/products/drinks/frapuccino%20blended%20beverages/coffee%20frapuccino/kejijyi4bbndugslwud8.avif
82,23,Coffee Frappuccino® Blended Beverage,https://res.cloudinary.com/dkav9fvlo/image/upload/v1735013894/Starbucks-API/Sub%20categories/drinks/frapuccino%20blended%20beverages/coffee%20frapuccino/r2dyws5crd1jziowcpsc.avif,https://res.cloudinary.com/dkav9fvlo/image/upload/v1735244102/Starbucks-API/products/drinks/frapuccino%20blended%20beverages/coffee%20frapuccino/ulp3tlcts9vvxkm4rcvn.avif
83,23,Caffè Vanilla Frappuccino® Blended Beverage,https://res.cloudinary.com/dkav9fvlo/image/upload/v1735013894/Starbucks-API/Sub%20categories/drinks/frapuccino%20blended%20beverages/coffee%20frapuccino/xsokavplmmawfeb9rlel.avif,https://res.cloudinary.com/dkav9fvlo/image/upload/v1735244102/Starbucks-API/products/drinks/frapuccino%20blended%20beverages/coffee%20frapuccino/cwyddgh2hrik3emekx2c.avif
84,23,Caramel Frappuccino® Blended Beverage,https://res.cloudinary.com/dkav9fvlo/image/upload/v1735013895/Starbucks-API/Sub%20categories/drinks/frapuccino%20blended%20beverages/coffee%20frapuccino/mztsfbvymdkhduz68oo9.avif,https://res.cloudinary.com/dkav9fvlo/image/upload/v1735244103/Starbucks-API/products/drinks/frapuccino%20blended%20beverages/coffee%20frapuccino/a2amryedybwbiaiykhhq.avif
85,23,Mocha Frappuccino® Blended Beverage,https://res.cloudinary.com/dkav9fvlo/image/upload/v1735013895/Starbucks-API/Sub%20categories/drinks/frapuccino%20blended%20beverages/coffee%20frapuccino/d3yypbcvgaufn6yns7zt.avif,https://res.cloudinary.com/dkav9fvlo/image/upload/v1735244103/Starbucks-API/products/drinks/frapuccino%20blended%20beverages/coffee%20frapuccino/ax6c4if0gf7jrhx3etid.avif
86,23,Java Chip Frappuccino® Blended Beverage,https://res.cloudinary.com/dkav9fvlo/image/upload/v1735013895/Starbucks-API/Sub%20categories/drinks/frapuccino%20blended%20beverages/coffee%20frapuccino/plxvddzodocahgg4ng1t.avif,https://res.cloudinary.com/dkav9fvlo/image/upload/v1735244102/Starbucks-API/products/drinks/frapuccino%20blended%20beverages/coffee%20frapuccino/db7bttp1xonsawwxlhxy.avif
87,24,Caramel Brulée Crème Frappuccino® Blended Beverage,https://res.cloudinary.com/dkav9fvlo/image/upload/v1735013896/Starbucks-API/Sub%20categories/drinks/frapuccino%20blended%20beverages/creme%20frapuccino/oah0acyefioqzv94ysq8.avif,https://res.cloudinary.com/dkav9fvlo/image/upload/v1735244104/Starbucks-API/products/drinks/frapuccino%20blended%20beverages/creme%20frapuccino/z88kqe3ylqqlp3x7fioa.avif
88,24,Chestnut Praline Crème Frappuccino® Blended Beverage,https://res.cloudinary.com/dkav9fvlo/image/upload/v1735013897/Starbucks-API/Sub%20categories/drinks/frapuccino%20blended%20beverages/creme%20frapuccino/d3bnkf5t91azchoauqdv.avif,https://res.cloudinary.com/dkav9fvlo/image/upload/v1735244105/Starbucks-API/products/drinks/frapuccino%20blended%20beverages/creme%20frapuccino/vyjgk8mlpcsjee73hpza.avif
89,24,Peppermint Mocha Crème Frappuccino® Blended Beverage,https://res.cloudinary.com/dkav9fvlo/image/upload/v1735013897/Starbucks-API/Sub%20categories/drinks/frapuccino%20blended%20beverages/creme%20frapuccino/kchmnn4rx0bjpddlacx3.avif,https://res.cloudinary.com/dkav9fvlo/image/upload/v1735244105/Starbucks-API/products/drinks/frapuccino%20blended%20beverages/creme%20frapuccino/qkbx009y0ahficjawv6d.avif
90,24,Peppermint White Chocolate Crème Frappuccino® Blended Beverage,https://res.cloudinary.com/dkav9fvlo/image/upload/v1735013896/Starbucks-API/Sub%20categories/drinks/frapuccino%20blended%20beverages/creme%20frapuccino/fxlqfpxefwdtafx3memh.avif,https://res.cloudinary.com/dkav9fvlo/image/upload/v1735244104/Starbucks-API/products/drinks/frapuccino%20blended%20beverages/creme%20frapuccino/tqfucgtk088zmapnfmgb.avif
91,24,Sugar Cookie Almondmilk Crème Frappuccino® Blended Beverage,https://res.cloudinary.com/dkav9fvlo/image/upload/v1735013897/Starbucks-API/Sub%20categories/drinks/frapuccino%20blended%20beverages/creme%20frapuccino/whtt3jbkhuwvde2qjby9.avif,https://res.cloudinary.com/dkav9fvlo/image/upload/v1735244105/Starbucks-API/products/drinks/frapuccino%20blended%20beverages/creme%20frapuccino/sl6ep7c29ppp7rzuynlv.avif
92,24,Chocolate Cookie Crumble Crème Frappuccino®,https://res.cloudinary.com/dkav9fvlo/image/upload/v1735013896/Starbucks-API/Sub%20categories/drinks/frapuccino%20blended%20beverages/creme%20frapuccino/x2jl5xpcu3ary2zclrgr.avif,https://res.cloudinary.com/dkav9fvlo/image/upload/v1735244105/Starbucks-API/products/drinks/frapuccino%20blended%20beverages/creme%20frapuccino/tpghyyz2fplq3nxolrnv.avif
93,24,Caramel Ribbon Crunch Crème Frappuccino® Blended Beverage,https://res.cloudinary.com/dkav9fvlo/image/upload/v1735013896/Starbucks-API/Sub%20categories/drinks/frapuccino%20blended%20beverages/creme%20frapuccino/lzarugefuifd9bkq4x0j.avif,https://res.cloudinary.com/dkav9fvlo/image/upload/v1735244104/Starbucks-API/products/drinks/frapuccino%20blended%20beverages/creme%20frapuccino/qhxm8yzd9nyet23zvcgd.avif
94,24,Strawberry Crème Frappuccino® Blended Beverage,https://res.cloudinary.com/dkav9fvlo/image/upload/v1735013896/Starbucks-API/Sub%20categories/drinks/frapuccino%20blended%20beverages/creme%20frapuccino/vz7g2frh5dggrgxlduot.avif,https://res.cloudinary.com/dkav9fvlo/image/upload/v1735244105/Starbucks-API/products/drinks/frapuccino%20blended%20beverages/creme%20frapuccino/aljdavailjwrte8agzzx.avif
95,24,Chai Crème Frappuccino®,https://res.cloudinary.com/dkav9fvlo/image/upload/v1735013896/Starbucks-API/Sub%20categories/drinks/frapuccino%20blended%20beverages/creme%20frapuccino/nepemzda81uv0k4ejmkk.avif,https://res.cloudinary.com/dkav9fvlo/image/upload/v1735244104/Starbucks-API/products/drinks/frapuccino%20blended%20beverages/creme%20frapuccino/ughgdeasudafvmagewbo.avif
96,25,Iced Black Tea,https://res.cloudinary.com/dkav9fvlo/image/upload/v1735015290/Starbucks-API/Sub%20categories/drinks/iced%20tea%20and%20lemonade/iced%20black%20teas/uzdekwdpujcsxxjjhkfg.avif,https://res.cloudinary.com/dkav9fvlo/image/upload/v1735245004/Starbucks-API/products/drinks/iced%20tea%20and%20lemonade/iced%20black%20teas/bh9qb40o59zbixxr0f2s.avif
97,25,Iced Black Tea Lemonade,https://res.cloudinary.com/dkav9fvlo/image/upload/v1735015290/Starbucks-API/Sub%20categories/drinks/iced%20tea%20and%20lemonade/iced%20black%20teas/omjqlwqdgb0ybrmuw3fw.avif,https://res.cloudinary.com/dkav9fvlo/image/upload/v1735245004/Starbucks-API/products/drinks/iced%20tea%20and%20lemonade/iced%20black%20teas/wujxm82o7lgdunxflufs.avif
98,26,Iced Gingerbread Oatmilk Chai,https://res.cloudinary.com/dkav9fvlo/image/upload/v1735015291/Starbucks-API/Sub%20categories/drinks/iced%20tea%20and%20lemonade/iced%20chai%20teas/qm0xr2xatdhekb3prui9.avif, https://res.cloudinary.com/dkav9fvlo/image/upload/v1735245005/Starbucks-API/products/drinks/iced%20tea%20and%20lemonade/iced%20chai%20teas/smv19hggp8fodi1skuya.avif      
99,26,Iced Chai Latte,https://res.cloudinary.com/dkav9fvlo/image/upload/v1735015291/Starbucks-API/Sub%20categories/drinks/iced%20tea%20and%20lemonade/iced%20chai%20teas/pepip5vn5lwh6klpfj7o.avif,https://res.cloudinary.com/dkav9fvlo/image/upload/v1735245004/Starbucks-API/products/drinks/iced%20tea%20and%20lemonade/iced%20chai%20teas/les39tyh2acmzjc7lcbu.avif
100,27,Iced Peach Green Tea,https://res.cloudinary.com/dkav9fvlo/image/upload/v1735245006/Starbucks-API/products/drinks/iced%20tea%20and%20lemonade/iced%20greend%20teas/fhfx44qc46laobwhgqca.avif,https://res.cloudinary.com/dkav9fvlo/image/upload/v1735015291/Starbucks-API/Sub%20categories/drinks/iced%20tea%20and%20lemonade/iced%20green%20teas/rcbll30wzsw6jkhn8img.avif
101,27,Iced Peach Green Tea Lemonade,https://res.cloudinary.com/dkav9fvlo/image/upload/v1735015291/Starbucks-API/Sub%20categories/drinks/iced%20tea%20and%20lemonade/iced%20green%20teas/ypd8gfqclakt8vrfojrh.avif,https://res.cloudinary.com/dkav9fvlo/image/upload/v1735245005/Starbucks-API/products/drinks/iced%20tea%20and%20lemonade/iced%20greend%20teas/dfzld0hqjuemhkb4pzua.avif
102,28,Iced Passion Tango® Tea,https://res.cloudinary.com/dkav9fvlo/image/upload/v1735015292/Starbucks-API/Sub%20categories/drinks/iced%20tea%20and%20lemonade/iced%20herbal%20teas/vfb5ydmhtk4riyvh8ttu.avif,https://res.cloudinary.com/dkav9fvlo/image/upload/v1735245006/Starbucks-API/products/drinks/iced%20tea%20and%20lemonade/iced%20herbal%20teas/y1gpcf7jsnw7q0segswo.avif
103,28,Iced Passion Tango® Tea Lemonade,https://res.cloudinary.com/dkav9fvlo/image/upload/v1735015292/Starbucks-API/Sub%20categories/drinks/iced%20tea%20and%20lemonade/iced%20herbal%20teas/i83kuwqw7kqm2fykwleb.avif,https://res.cloudinary.com/dkav9fvlo/image/upload/v1735245006/Starbucks-API/products/drinks/iced%20tea%20and%20lemonade/iced%20herbal%20teas/rtm2yk8zxlmlhsatfajq.avif
104,29,Lemonade,https://res.cloudinary.com/dkav9fvlo/image/upload/v1735015292/Starbucks-API/Sub%20categories/drinks/iced%20tea%20and%20lemonade/lemonades/vifgvifidfg8x1bshvp3.avif,https://res.cloudinary.com/dkav9fvlo/image/upload/v1735245006/Starbucks-API/products/drinks/iced%20tea%20and%20lemonade/lemonades/z7vdracmqlmamz1iqvcv.avif
105,29,Blended Strawberry Lemonade,https://res.cloudinary.com/dkav9fvlo/image/upload/v1735015292/Starbucks-API/Sub%20categories/drinks/iced%20tea%20and%20lemonade/lemonades/ncpmayckakwktfbsiewf.avif,https://res.cloudinary.com/dkav9fvlo/image/upload/v1735245006/Starbucks-API/products/drinks/iced%20tea%20and%20lemonade/lemonades/iomjmxe6dah4dubthvgc.avif
106,30,Gingerbread Oatmilk Chai,https://res.cloudinary.com/dkav9fvlo/image/upload/v1735015849/Starbucks-API/Sub%20categories/drinks/hot%20teas/chai%20teas/jelynbguqq9ezk6emree.avif,https://res.cloudinary.com/dkav9fvlo/image/upload/v1735245459/Starbucks-API/products/drinks/hot%20teas/chai%20teas/knoxyomgmbbkyjiceoxn.avif
107,30,Chai Latte,https://res.cloudinary.com/dkav9fvlo/image/upload/v1735015849/Starbucks-API/Sub%20categories/drinks/hot%20teas/chai%20teas/zpgettddrowuq5nxjxwx.avif,https://res.cloudinary.com/dkav9fvlo/image/upload/v1735245454/Starbucks-API/products/drinks/hot%20teas/chai%20teas/j2ozbe40rdnmtpayg6np.avif
108,31,Earl Grey Tea,https://res.cloudinary.com/dkav9fvlo/image/upload/v1735015849/Starbucks-API/Sub%20categories/drinks/hot%20teas/black%20teas/kepmvijuxt2ixsqbbdrk.avif,https://res.cloudinary.com/dkav9fvlo/image/upload/v1735245453/Starbucks-API/products/drinks/hot%20teas/black%20teas/ekxjnnqqkdri8kgopwww.avif
109,31,London Fog Latte,https://res.cloudinary.com/dkav9fvlo/image/upload/v1735015849/Starbucks-API/Sub%20categories/drinks/hot%20teas/black%20teas/pnbzlvbcwbahydpe1kir.avif,https://res.cloudinary.com/dkav9fvlo/image/upload/v1735245453/Starbucks-API/products/drinks/hot%20teas/black%20teas/ll83tzxup8udrjxjhc6p.avif
110,32,Chamomile Mint Blossom,https://res.cloudinary.com/dkav9fvlo/image/upload/v1735015850/Starbucks-API/Sub%20categories/drinks/hot%20teas/green%20teas/hrrewe5difpntvnoczpw.avif,https://res.cloudinary.com/dkav9fvlo/image/upload/v1735245454/Starbucks-API/products/drinks/hot%20teas/green%20teas/adverjrftcjnngq5os06.avif
111,32,Jade Citrus Mint® Brewed Tea,https://res.cloudinary.com/dkav9fvlo/image/upload/v1735015850/Starbucks-API/Sub%20categories/drinks/hot%20teas/green%20teas/ppaxipyinvur1g5lguvt.avif,https://res.cloudinary.com/dkav9fvlo/image/upload/v1735245455/Starbucks-API/products/drinks/hot%20teas/green%20teas/yyiumjuauvjtr6gapiwz.avif
112,33,Mint Majesty®,https://res.cloudinary.com/dkav9fvlo/image/upload/v1735015850/Starbucks-API/Sub%20categories/drinks/hot%20teas/herbal%20teas/gfdlchvapspkkncbsb2r.avif,https://res.cloudinary.com/dkav9fvlo/image/upload/v1735245455/Starbucks-API/products/drinks/hot%20teas/herbal%20teas/ipnnebwk4vhejxvvqjvw.avif
113,34,Tropical Citrus Iced Energy,https://res.cloudinary.com/dkav9fvlo/image/upload/v1735015981/Starbucks-API/Sub%20categories/drinks/iced%20energy/q4uaykw0enucupx78cem.avif,https://res.cloudinary.com/dkav9fvlo/image/upload/v1735249379/Starbucks-API/products/drinks/iced%20energy/fjwb1hbdlyjcgiidmob7.avif
114,34,Melon Burst Iced Energy,https://res.cloudinary.com/dkav9fvlo/image/upload/v1735015980/Starbucks-API/Sub%20categories/drinks/iced%20energy/dcsisk62bqph9mojbfy6.avif,https://res.cloudinary.com/dkav9fvlo/image/upload/v1735249379/Starbucks-API/products/drinks/iced%20energy/xotaiaw1ce8jbmas2nc0.avif
115,34,Frozen Tropical Citrus Iced Energy with Strawberry Puree,https://res.cloudinary.com/dkav9fvlo/image/upload/v1735015980/Starbucks-API/Sub%20categories/drinks/iced%20energy/qil5zxvrmft40az8f6fh.avif,https://res.cloudinary.com/dkav9fvlo/image/upload/v1735249379/Starbucks-API/products/drinks/iced%20energy/qltgcrl6cnlvzwgcxfqd.avif
116,35,Peppermint Hot Chocolate,https://res.cloudinary.com/dkav9fvlo/image/upload/v1735016397/Starbucks-API/Sub%20categories/drinks/milk%2C%20juice%20and%20more/hot%20chocolates/sjqgf7gfhvhx6jsv9t49.avif,https://res.cloudinary.com/dkav9fvlo/image/upload/v1735249345/Starbucks-API/products/drinks/milk%2C%20juice%20and%20more/hot%20chocolates/mgln76d3dgelhz9l9puo.avif
117,35,Peppermint White Hot Chocolate,https://res.cloudinary.com/dkav9fvlo/image/upload/v1735016397/Starbucks-API/Sub%20categories/drinks/milk%2C%20juice%20and%20more/hot%20chocolates/dj34qznu9ftgcoljjnmx.avif,https://res.cloudinary.com/dkav9fvlo/image/upload/v1735249344/Starbucks-API/products/drinks/milk%2C%20juice%20and%20more/hot%20chocolates/x9vw4zttrnnaxqo5bxas.avif
118,35,Hot Chocolate,https://res.cloudinary.com/dkav9fvlo/image/upload/v1735016397/Starbucks-API/Sub%20categories/drinks/milk%2C%20juice%20and%20more/hot%20chocolates/ho9m2xnraszlwybgqfj5.avif,https://res.cloudinary.com/dkav9fvlo/image/upload/v1735249345/Starbucks-API/products/drinks/milk%2C%20juice%20and%20more/hot%20chocolates/msvealsxwddwhztz04u4.avif
119,35,White Hot Chocolate,https://res.cloudinary.com/dkav9fvlo/image/upload/v1735016397/Starbucks-API/Sub%20categories/drinks/milk%2C%20juice%20and%20more/hot%20chocolates/qloholrx4vkbjgtxygcx.avif,https://res.cloudinary.com/dkav9fvlo/image/upload/v1735249345/Starbucks-API/products/drinks/milk%2C%20juice%20and%20more/hot%20chocolates/bs33bdiqyhrdka2blh4k.avif
120,36,Caramel Apple Spice,https://res.cloudinary.com/dkav9fvlo/image/upload/v1735016398/Starbucks-API/Sub%20categories/drinks/milk%2C%20juice%20and%20more/juice/ggeh6grpf5h5hjuitiex.avif,https://res.cloudinary.com/dkav9fvlo/image/upload/v1735249345/Starbucks-API/products/drinks/milk%2C%20juice%20and%20more/juice/sq1nvs287xkczftcm8eh.avif
121,36,Steamed Apple Juice,https://res.cloudinary.com/dkav9fvlo/image/upload/v1735016398/Starbucks-API/Sub%20categories/drinks/milk%2C%20juice%20and%20more/juice/eie5ewsie2kphrw6uurz.avif,https://res.cloudinary.com/dkav9fvlo/image/upload/v1735249345/Starbucks-API/products/drinks/milk%2C%20juice%20and%20more/juice/sq1nvs287xkczftcm8eh.avif
122,37,Pistachio Crème,https://res.cloudinary.com/dkav9fvlo/image/upload/v1735016563/Starbucks-API/Sub%20categories/drinks/milk%2C%20juice%20and%20more/milk%20and%20steamers/iaehn4qu01yzb498jleq.avif,https://res.cloudinary.com/dkav9fvlo/image/upload/v1735249346/Starbucks-API/products/drinks/milk%2C%20juice%20and%20more/milk%20and%20steamers/gxpyj768y7gcqzmpowsx.avif
123,37,Caramel Brulée Crème,https://res.cloudinary.com/dkav9fvlo/image/upload/v1735016562/Starbucks-API/Sub%20categories/drinks/milk%2C%20juice%20and%20more/milk%20and%20steamers/nwxomj2zeciejlqjnmyo.avif,https://res.cloudinary.com/dkav9fvlo/image/upload/v1735249346/Starbucks-API/products/drinks/milk%2C%20juice%20and%20more/milk%20and%20steamers/hczbjrza5mgijcdlslt4.avif
124,37,Chestnut Praline Crème,https://res.cloudinary.com/dkav9fvlo/image/upload/v1735016563/Starbucks-API/Sub%20categories/drinks/milk%2C%20juice%20and%20more/milk%20and%20steamers/kjmadfpe7si5tsirgp9b.avif,https://res.cloudinary.com/dkav9fvlo/image/upload/v1735249347/Starbucks-API/products/drinks/milk%2C%20juice%20and%20more/milk%20and%20steamers/vpwipa9ykovjiouw3rti.avif
125,37,Cold Milk,https://res.cloudinary.com/dkav9fvlo/image/upload/v1735016563/Starbucks-API/Sub%20categories/drinks/milk%2C%20juice%20and%20more/milk%20and%20steamers/h3i8vkmcateug91gtzdb.avif,https://res.cloudinary.com/dkav9fvlo/image/upload/v1735249346/Starbucks-API/products/drinks/milk%2C%20juice%20and%20more/milk%20and%20steamers/osa4b2pilyhv8rpofbrs.avif
126,37,Steamed Milk,https://res.cloudinary.com/dkav9fvlo/image/upload/v1735016563/Starbucks-API/Sub%20categories/drinks/milk%2C%20juice%20and%20more/milk%20and%20steamers/iaehn4qu01yzb498jleq.avif,https://res.cloudinary.com/dkav9fvlo/image/upload/v1735249346/Starbucks-API/products/drinks/milk%2C%20juice%20and%20more/milk%20and%20steamers/gxpyj768y7gcqzmpowsx.avif
127,37,Vanilla Crème,https://res.cloudinary.com/dkav9fvlo/image/upload/v1735016563/Starbucks-API/Sub%20categories/drinks/milk%2C%20juice%20and%20more/milk%20and%20steamers/mihx5uombhlqpulv2hue.avif,https://res.cloudinary.com/dkav9fvlo/image/upload/v1735249347/Starbucks-API/products/drinks/milk%2C%20juice%20and%20more/milk%20and%20steamers/c31p26rlmevaxvnuakin.avif
128,38,Spindrift® Lemon Sparkling Water,https://res.cloudinary.com/dkav9fvlo/image/upload/v1735017929/Starbucks-API/Sub%20categories/drinks/bottled%20beverages/water%20and%20sparkling/b56q42gdxqbfkiqgsngo.avif,https://res.cloudinary.com/dkav9fvlo/image/upload/v1735320517/Starbucks-API/products/drinks/bottled%20beverages/water%20and%20sparkling/kuoriea6v8sihkrkoi9i.avif
129,38,Spindrift® Raspberry Lime Sparkling Water,https://res.cloudinary.com/dkav9fvlo/image/upload/v1735017928/Starbucks-API/Sub%20categories/drinks/bottled%20beverages/water%20and%20sparkling/e9yljev9csmg6yqwwv5n.avif,https://res.cloudinary.com/dkav9fvlo/image/upload/v1735320518/Starbucks-API/products/drinks/bottled%20beverages/water%20and%20sparkling/clxwlygwfb5ssewvvw9x.avif
130,38,Ethos® Bottled Water,https://res.cloudinary.com/dkav9fvlo/image/upload/v1735017928/Starbucks-API/Sub%20categories/drinks/bottled%20beverages/water%20and%20sparkling/vop8g4zo8me4rsrkyhnb.avif,https://res.cloudinary.com/dkav9fvlo/image/upload/v1735320517/Starbucks-API/products/drinks/bottled%20beverages/water%20and%20sparkling/qqtq7gbpkkjc5sdwhmh9.avif
131,38,DASANI Bottled Water,https://res.cloudinary.com/dkav9fvlo/image/upload/v1735017928/Starbucks-API/Sub%20categories/drinks/bottled%20beverages/water%20and%20sparkling/giuucvdxnhulcwf0tpxc.avif,https://res.cloudinary.com/dkav9fvlo/image/upload/v1735320517/Starbucks-API/products/drinks/bottled%20beverages/water%20and%20sparkling/e8j9rf5yq7m1xxdh4kpx.avif
132,38,Hawai‘i Volcanic Water,https://res.cloudinary.com/dkav9fvlo/image/upload/v1735017929/Starbucks-API/Sub%20categories/drinks/bottled%20beverages/water%20and%20sparkling/gtpeek1vdiipjwjz8cmi.avif,https://res.cloudinary.com/dkav9fvlo/image/upload/v1735320517/Starbucks-API/products/drinks/bottled%20beverages/water%20and%20sparkling/pt67nhnjpmtoxacrjjbr.avif
133,39,Koia® Cacao Bean Protein Shake,https://res.cloudinary.com/dkav9fvlo/image/upload/v1735017927/Starbucks-API/Sub%20categories/drinks/bottled%20beverages/protein%20and%20milk/vm4com8sbwphkzsn72vv.avif,https://res.cloudinary.com/dkav9fvlo/image/upload/v1735320517/Starbucks-API/products/drinks/bottled%20beverages/protein%20and%20milk/wg1hufkrjvxytls6oboh.avif
134,39,Koia® Vanilla Bean Protein Shake,https://res.cloudinary.com/dkav9fvlo/image/upload/v1735017927/Starbucks-API/Sub%20categories/drinks/bottled%20beverages/protein%20and%20milk/bspjgel2dm9ggsbcitoy.avif,https://res.cloudinary.com/dkav9fvlo/image/upload/v1735320516/Starbucks-API/products/drinks/bottled%20beverages/protein%20and%20milk/raxj5ckbqd20xggpjelg.avif
135,39,Horizon® Chocolate Organic Milk,https://res.cloudinary.com/dkav9fvlo/image/upload/v1735017927/Starbucks-API/Sub%20categories/drinks/bottled%20beverages/protein%20and%20milk/cr46ysjixctn6f4h3lyy.avif,https://res.cloudinary.com/dkav9fvlo/image/upload/v1735320516/Starbucks-API/products/drinks/bottled%20beverages/protein%20and%20milk/pviftunz6nokbhdo2lq3.avif
136,39,Horizon® Organic Lowfat Milk Box,https://res.cloudinary.com/dkav9fvlo/image/upload/v1735017927/Starbucks-API/Sub%20categories/drinks/bottled%20beverages/protein%20and%20milk/on7ohovccyzog20xu2a3.avif,https://res.cloudinary.com/dkav9fvlo/image/upload/v1735320516/Starbucks-API/products/drinks/bottled%20beverages/protein%20and%20milk/c0v9fxsqiwfwlhb2k6pa.avif
137,40,Evolution Fresh™ Defense Up,https://res.cloudinary.com/dkav9fvlo/image/upload/v1735017924/Starbucks-API/Sub%20categories/drinks/bottled%20beverages/juice/bk4n3fyflaumgxp0aok6.avif,https://res.cloudinary.com/dkav9fvlo/image/upload/v1735320517/Starbucks-API/products/drinks/bottled%20beverages/juice/n2atte4yh8vxckz6hdhp.avif
138,40,Evolution Fresh® Orange,https://res.cloudinary.com/dkav9fvlo/image/upload/v1735017925/Starbucks-API/Sub%20categories/drinks/bottled%20beverages/juice/lessecg11cwsmw54gfgu.avif,https://res.cloudinary.com/dkav9fvlo/image/upload/v1735320517/Starbucks-API/products/drinks/bottled%20beverages/juice/g7gr5euskmkc3gvefadr.avif
139,40,Evolution Fresh® Organic Super Fruit Greens,https://res.cloudinary.com/dkav9fvlo/image/upload/v1735017925/Starbucks-API/Sub%20categories/drinks/bottled%20beverages/juice/o6kequvugwuydbitjvhd.avif,https://res.cloudinary.com/dkav9fvlo/image/upload/v1735320517/Starbucks-API/products/drinks/bottled%20beverages/juice/rzmwwovvozf2jasj3v2j.avif
140,40,Tree Top Apple Juice Box,https://res.cloudinary.com/dkav9fvlo/image/upload/v1735017925/Starbucks-API/Sub%20categories/drinks/bottled%20beverages/juice/ck4eouw3htidozqvpyic.avif,https://res.cloudinary.com/dkav9fvlo/image/upload/v1735320516/Starbucks-API/products/drinks/bottled%20beverages/juice/nzdqjpairxyznldlhzai.avif
141,41,Olipop® Classic Root Beer,https://res.cloudinary.com/dkav9fvlo/image/upload/v1735017926/Starbucks-API/Sub%20categories/drinks/bottled%20beverages/kombucha%20and%20soda/lrrmog5pr2dvrp6v6rwi.avif,https://res.cloudinary.com/dkav9fvlo/image/upload/v1735320517/Starbucks-API/products/drinks/bottled%20beverages/kombucha%20and%20soda/wjxak42r8jkrvklvipeb.avif
142,41,Olipop® Classic Grape,https://res.cloudinary.com/dkav9fvlo/image/upload/v1735017926/Starbucks-API/Sub%20categories/drinks/bottled%20beverages/kombucha%20and%20soda/npdtjjdi7moyr80wldwi.avif,https://res.cloudinary.com/dkav9fvlo/image/upload/v1735320516/Starbucks-API/products/drinks/bottled%20beverages/kombucha%20and%20soda/pufakyhxnj4zcaluangw.avif
143,41,Brew DR. Island Mango Kombucha,https://res.cloudinary.com/dkav9fvlo/image/upload/v1735017925/Starbucks-API/Sub%20categories/drinks/bottled%20beverages/kombucha%20and%20soda/smfbfeojnbqv8xrrcduj.avif,https://res.cloudinary.com/dkav9fvlo/image/upload/v1735320517/Starbucks-API/products/drinks/bottled%20beverages/kombucha%20and%20soda/pfzjs7olnvl7tv2lkys8.avif
144,41,Brew DR. Superberry Kombucha,https://res.cloudinary.com/dkav9fvlo/image/upload/v1735017926/Starbucks-API/Sub%20categories/drinks/bottled%20beverages/kombucha%20and%20soda/hljcderm4qw0vs6htefz.avif,https://res.cloudinary.com/dkav9fvlo/image/upload/v1735320517/Starbucks-API/products/drinks/bottled%20beverages/kombucha%20and%20soda/nhf1gfqtnkdz2g1tcs0d.avif
145,42,Starbucks Tripleshot™ Energy Rich Vanilla,https://res.cloudinary.com/dkav9fvlo/image/upload/v1735017924/Starbucks-API/Sub%20categories/drinks/bottled%20beverages/energy/efr6k298yzlk4wy6ejaz.avif,https://res.cloudinary.com/dkav9fvlo/image/upload/v1735320516/Starbucks-API/products/drinks/bottled%20beverages/energy/gt3wzqj9ggzdo1t9uka9.avif
151,43,Impossible™ Breakfast Sandwich,https://res.cloudinary.com/dkav9fvlo/image/upload/v1735223543/Starbucks-API/Sub%20categories/food/hot%20breakfast/breakfast%20sandwiches%20and%20wraps/ju78uh7bruov3qbzzopr.avif,https://res.cloudinary.com/dkav9fvlo/image/upload/v1735322742/Starbucks-API/products/food/hot%20breakfast/breakfast%20sandwich%20and%20wraps/suwydhjzm2txzpmnlpnh.avif
152,43,Avocado Spread,https://res.cloudinary.com/dkav9fvlo/image/upload/v1735223543/Starbucks-API/Sub%20categories/food/hot%20breakfast/breakfast%20sandwiches%20and%20wraps/qntplnlabbucrrhaq4cc.avif,https://res.cloudinary.com/dkav9fvlo/image/upload/v1735322742/Starbucks-API/products/food/hot%20breakfast/breakfast%20sandwich%20and%20wraps/fxqygdz7u5hr9bfhst18.avif
155,45,Bacon & Gruyère Egg Bites,https://res.cloudinary.com/dkav9fvlo/image/upload/v1735223542/Starbucks-API/Sub%20categories/food/hot%20breakfast/bakes%20and%20egg%20bites/ik6lfaaslulhqunjxo39.avif,https://res.cloudinary.com/dkav9fvlo/image/upload/v1735322741/Starbucks-API/products/food/hot%20breakfast/bakes%20and%20egg%20bites/h5fvtrtqdj8fpldvkgoe.avif
156,45,Egg White & Roasted Red Pepper Egg Bites,https://res.cloudinary.com/dkav9fvlo/image/upload/v1735223542/Starbucks-API/Sub%20categories/food/hot%20breakfast/bakes%20and%20egg%20bites/ct77fvls7nivehhbe41p.avif,https://res.cloudinary.com/dkav9fvlo/image/upload/v1735322741/Starbucks-API/products/food/hot%20breakfast/bakes%20and%20egg%20bites/q7exozyvyolgy0mfecov.avif
157,45,Kale & Mushroom Egg Bites,https://res.cloudinary.com/dkav9fvlo/image/upload/v1735223542/Starbucks-API/Sub%20categories/food/hot%20breakfast/bakes%20and%20egg%20bites/pq8sdkj4ed9xohogejpg.avif,https://res.cloudinary.com/dkav9fvlo/image/upload/v1735322741/Starbucks-API/products/food/hot%20breakfast/bakes%20and%20egg%20bites/bzdyxwqudleetcrpvpmn.avif
159,46,Rolled & Steel-Cut Oatmeal,https://res.cloudinary.com/dkav9fvlo/image/upload/v1735223674/Starbucks-API/Sub%20categories/food/oatmeal%20and%20yogurt/t6n59fuymqzziirwqw5z.avif,https://res.cloudinary.com/dkav9fvlo/image/upload/v1735322743/Starbucks-API/products/food/oatmeal%20and%20yogurt/jxusodhqcsv7rbwdtddi.avif
160,46,Berry Trio Parfait,https://res.cloudinary.com/dkav9fvlo/image/upload/v1735223674/Starbucks-API/Sub%20categories/food/oatmeal%20and%20yogurt/reo7uwomjfedz70g3hsi.avif,https://res.cloudinary.com/dkav9fvlo/image/upload/v1735322742/Starbucks-API/products/food/oatmeal%20and%20yogurt/mxfaukrpctivgnrkkfd7.avif
161,47,Baked Apple Croissant,https://res.cloudinary.com/dkav9fvlo/image/upload/v1735224653/Starbucks-API/Sub%20categories/food/bakery/croissants/v4vkpzhtypmtlanayxtd.avif,https://res.cloudinary.com/dkav9fvlo/image/upload/v1735322738/Starbucks-API/products/food/bakery/croissants/l5vvs42t9ikxpjttlfkw.avif
162,47,Ham & Swiss Croissant,https://res.cloudinary.com/dkav9fvlo/image/upload/v1735224653/Starbucks-API/Sub%20categories/food/bakery/croissants/nd0zglnz0idsc46ot3xx.avif,https://res.cloudinary.com/dkav9fvlo/image/upload/v1735322738/Starbucks-API/products/food/bakery/croissants/qi8avcn5qrovhtwagbsv.avif
163,47,Butter Croissant,https://res.cloudinary.com/dkav9fvlo/image/upload/v1735224654/Starbucks-API/Sub%20categories/food/bakery/croissants/lqywahzvwbc3vuuj7dbk.avif,https://res.cloudinary.com/dkav9fvlo/image/upload/v1735322738/Starbucks-API/products/food/bakery/croissants/xdkgsowxrgqdg16dgiyw.avif
164,47,Chocolate Croissant,https://res.cloudinary.com/dkav9fvlo/image/upload/v1735224654/Starbucks-API/Sub%20categories/food/bakery/croissants/wmzqaxmvhjzihdgmm3wz.avif,https://res.cloudinary.com/dkav9fvlo/image/upload/v1735322739/Starbucks-API/products/food/bakery/croissants/slghbu66vof7qchn8pk0.avif
165,47,Cheese Danish,https://res.cloudinary.com/dkav9fvlo/image/upload/v1735224654/Starbucks-API/Sub%20categories/food/bakery/danishes%20and%20doughnuts/ggbunabepx6f1ygpn3ci.avif,https://res.cloudinary.com/dkav9fvlo/image/upload/v1735322739/Starbucks-API/products/food/bakery/danishes%20and%20doughnuts/n4yugbv5nfzpm3ffgmxj.avif
166,47,Sugar Plum Cheese Danish,https://res.cloudinary.com/dkav9fvlo/image/upload/v1735224654/Starbucks-API/Sub%20categories/food/bakery/danishes%20and%20doughnuts/ipaasf85mvf49vsesgf7.avif,https://res.cloudinary.com/dkav9fvlo/image/upload/v1735322739/Starbucks-API/products/food/bakery/danishes%20and%20doughnuts/dof2mthhkhcpp3fpvr9u.avif
167,47,Turkey Sage Danish,https://res.cloudinary.com/dkav9fvlo/image/upload/v1735224654/Starbucks-API/Sub%20categories/food/bakery/danishes%20and%20doughnuts/ie67hsd2vinuremlhsja.avif,https://res.cloudinary.com/dkav9fvlo/image/upload/v1735322739/Starbucks-API/products/food/bakery/danishes%20and%20doughnuts/jroebvsfk0vy23fesx7j.avif
169,48,Iced Lemon Loaf,https://res.cloudinary.com/dkav9fvlo/image/upload/v1735224655/Starbucks-API/Sub%20categories/food/bakery/loaves%2C%20cakes%20and%20buns/shvw411oqaxbidsbtwzm.avif,https://res.cloudinary.com/dkav9fvlo/image/upload/v1735322740/Starbucks-API/products/food/bakery/loaves%2C%20cakes%20and%20buns/ekin24agjqocmpktlah2.avif
170,48,Pumpkin & Pepita Loaf,https://res.cloudinary.com/dkav9fvlo/image/upload/v1735224655/Starbucks-API/Sub%20categories/food/bakery/loaves%2C%20cakes%20and%20buns/nojuidz0uux9pfkjylks.avif,https://res.cloudinary.com/dkav9fvlo/image/upload/v1735322740/Starbucks-API/products/food/bakery/loaves%2C%20cakes%20and%20buns/ei0wlre36ggeurfw1iav.avif
171,48,Cinnamon Coffee Cake,https://res.cloudinary.com/dkav9fvlo/image/upload/v1735224655/Starbucks-API/Sub%20categories/food/bakery/loaves%2C%20cakes%20and%20buns/hprkcwh489tnjm4ezlnh.avif,https://res.cloudinary.com/dkav9fvlo/image/upload/v1735322739/Starbucks-API/products/food/bakery/loaves%2C%20cakes%20and%20buns/nxqqjampgcn3if63930c.avif
172,48,Dark Toffee Bundt,https://res.cloudinary.com/dkav9fvlo/image/upload/v1735224655/Starbucks-API/Sub%20categories/food/bakery/loaves%2C%20cakes%20and%20buns/rwampkkayjgxvhezsiip.avif,https://res.cloudinary.com/dkav9fvlo/image/upload/v1735322739/Starbucks-API/products/food/bakery/loaves%2C%20cakes%20and%20buns/ci0mkscb5ddlknfqfq5j.avif
173,49,Blueberry Streusel Muffin,https://res.cloudinary.com/dkav9fvlo/image/upload/v1735224655/Starbucks-API/Sub%20categories/food/bakery/muffins%20and%20scones/la8ctlrjyniyeu44mvba.avif,https://res.cloudinary.com/dkav9fvlo/image/upload/v1735322740/Starbucks-API/products/food/bakery/muffins%20and%20scones/wpwzwxiqowenopawtxvd.avif
174,49,Petite Vanilla Bean Scone,https://res.cloudinary.com/dkav9fvlo/image/upload/v1735224655/Starbucks-API/Sub%20categories/food/bakery/muffins%20and%20scones/jsgoqr5uy5m89wgnzuia.avif,https://res.cloudinary.com/dkav9fvlo/image/upload/v1735322740/Starbucks-API/products/food/bakery/muffins%20and%20scones/wxkjmnyqpn2posiaa3h1.avif
175,49,Glazed Doughnut,https://res.cloudinary.com/dkav9fvlo/image/upload/v1735224654/Starbucks-API/Sub%20categories/food/bakery/danishes%20and%20doughnuts/gcxitkufinfuglrf4klp.avif,https://res.cloudinary.com/dkav9fvlo/image/upload/v1735322739/Starbucks-API/products/food/bakery/danishes%20and%20doughnuts/tnuaullpphz2wf4dfotf.avif
176,50,Plain Bagel,https://res.cloudinary.com/dkav9fvlo/image/upload/v1735224652/Starbucks-API/Sub%20categories/food/bakery/bagels/b3lgdprd6dxsp8qeuw2c.avif,https://res.cloudinary.com/dkav9fvlo/image/upload/v1735322736/Starbucks-API/products/food/bakery/bagels/uunt4plbqimsl4i724eg.avif
177,50,Everything Bagel,https://res.cloudinary.com/dkav9fvlo/image/upload/v1735224652/Starbucks-API/Sub%20categories/food/bakery/bagels/iku9yfb4vgjioic5wr1o.avif,https://res.cloudinary.com/dkav9fvlo/image/upload/v1735322736/Starbucks-API/products/food/bakery/bagels/lhdijnwgt5lacuhmtmbk.avif
178,51,Birthday Cake Pop,https://res.cloudinary.com/dkav9fvlo/image/upload/v1735224652/Starbucks-API/Sub%20categories/food/bakery/cake%20pops/uap0gsnseipzvo7xh9on.avif,https://res.cloudinary.com/dkav9fvlo/image/upload/v1735322736/Starbucks-API/products/food/bakery/cake%20pops/wepqweqi6oifmr94duxp.avif
179,51,Chocolate Cake Pop,https://res.cloudinary.com/dkav9fvlo/image/upload/v1735224652/Starbucks-API/Sub%20categories/food/bakery/cake%20pops/vrw3od0x6osx5xlyntmq.avif,https://res.cloudinary.com/dkav9fvlo/image/upload/v1735322737/Starbucks-API/products/food/bakery/cake%20pops/kiba90tkupcbwy4zamzc.avif
180,51,Cookies & Cream Cake Pop,https://res.cloudinary.com/dkav9fvlo/image/upload/v1735224652/Starbucks-API/Sub%20categories/food/bakery/cake%20pops/jmoe5ckbrhsgc5d1zezl.avif,https://res.cloudinary.com/dkav9fvlo/image/upload/v1735322737/Starbucks-API/products/food/bakery/cake%20pops/hukc6qyeghkhd1we9pow.avif
181,51,Snowman Cake Pop,https://res.cloudinary.com/dkav9fvlo/image/upload/v1735224652/Starbucks-API/Sub%20categories/food/bakery/cake%20pops/zqwkws76ioqb8y1y2gyq.avif,https://res.cloudinary.com/dkav9fvlo/image/upload/v1735322738/Starbucks-API/products/food/bakery/cake%20pops/zgqg9lspdc1cryavtvec.avif
182,52,Chocolate Chip Cookie,https://res.cloudinary.com/dkav9fvlo/image/upload/v1735224653/Starbucks-API/Sub%20categories/food/bakery/cookies%2C%20brownies%20and%20bars/y1irbdhqgidxgsitxjd3.avif,https://res.cloudinary.com/dkav9fvlo/image/upload/v1735322738/Starbucks-API/products/food/bakery/cookies%2C%20brownies%20and%20bars/vnz0lj5j4wzwov8bsski.avif
183,52,Double Chocolate Brownie,https://res.cloudinary.com/dkav9fvlo/image/upload/v1735224653/Starbucks-API/Sub%20categories/food/bakery/cookies%2C%20brownies%20and%20bars/uvmin6we3v6kwqvftkhh.avif,https://res.cloudinary.com/dkav9fvlo/image/upload/v1735322738/Starbucks-API/products/food/bakery/cookies%2C%20brownies%20and%20bars/a61ltwjfv0orxisr3xz4.avif
184,52,Penguin Cookie,https://res.cloudinary.com/dkav9fvlo/image/upload/v1735224653/Starbucks-API/Sub%20categories/food/bakery/cookies%2C%20brownies%20and%20bars/xdhvqxdu9ubbzomysgn9.avif,https://res.cloudinary.com/dkav9fvlo/image/upload/v1735322737/Starbucks-API/products/food/bakery/cookies%2C%20brownies%20and%20bars/qmjq1qtmre1n1klpc1zn.avif
185,52,Cranberry Bliss® Bar,https://res.cloudinary.com/dkav9fvlo/image/upload/v1735224652/Starbucks-API/Sub%20categories/food/bakery/cookies%2C%20brownies%20and%20bars/elaq0mcwhybero5s8k0b.avif,https://res.cloudinary.com/dkav9fvlo/image/upload/v1735322737/Starbucks-API/products/food/bakery/cookies%2C%20brownies%20and%20bars/kxunqn9nmpv8bhwl46vs.avif
186,52,Cranberry Bliss® Bar Tray,https://res.cloudinary.com/dkav9fvlo/image/upload/v1735224653/Starbucks-API/Sub%20categories/food/bakery/cookies%2C%20brownies%20and%20bars/lhnswtnafx5oaijhu887.avif,https://res.cloudinary.com/dkav9fvlo/image/upload/v1735322737/Starbucks-API/products/food/bakery/cookies%2C%20brownies%20and%20bars/pagml9vx8lca6lhmaw5g.avif
187,53,Crispy Grilled Cheese on Sourdough,https://res.cloudinary.com/dkav9fvlo/image/upload/v1735225716/Starbucks-API/Sub%20categories/food/lunch/warm%20sandwiches/wehvvkxdb0aswpgimesr.avif,https://res.cloudinary.com/dkav9fvlo/image/upload/v1735323163/Starbucks-API/products/food/lunch/warm%20sandwiches/dowd4oknwigppqyabcgr.avif
188,53,Ham & Swiss on Baguette,https://res.cloudinary.com/dkav9fvlo/image/upload/v1735225716/Starbucks-API/Sub%20categories/food/lunch/warm%20sandwiches/kpcywyw3w0pn3wme2p6w.avif,https://res.cloudinary.com/dkav9fvlo/image/upload/v1735323164/Starbucks-API/products/food/lunch/warm%20sandwiches/ornbhacnfwyurifgj6ly.avif
190,53,Tomato & Mozzarella on Focaccia,https://res.cloudinary.com/dkav9fvlo/image/upload/v1735225716/Starbucks-API/Sub%20categories/food/lunch/warm%20sandwiches/dx1cj2vrf02juwzytgrv.avif,https://res.cloudinary.com/dkav9fvlo/image/upload/v1735323164/Starbucks-API/products/food/lunch/warm%20sandwiches/bszlvz5vyxfdu3jpbabg.avif
191,53,Avocado Spread,https://res.cloudinary.com/dkav9fvlo/image/upload/v1735225715/Starbucks-API/Sub%20categories/food/lunch/warm%20sandwiches/k0jvggwooybqu5wfytpn.avif,https://res.cloudinary.com/dkav9fvlo/image/upload/v1735323163/Starbucks-API/products/food/lunch/warm%20sandwiches/noyy4v4mttx9buobxhay.avif
192,54,Eggs & Gouda Protein Box,https://res.cloudinary.com/dkav9fvlo/image/upload/v1735225715/Starbucks-API/Sub%20categories/food/lunch/protein%20boxes/a4udsgynladkuc9om5qv.avif,https://res.cloudinary.com/dkav9fvlo/image/upload/v1735323163/Starbucks-API/products/food/lunch/protein%20boxes/gkx1ec2lcqmprbc6rx4j.avif
193,54,Cheese Trio Protein Box,https://res.cloudinary.com/dkav9fvlo/image/upload/v1735225715/Starbucks-API/Sub%20categories/food/lunch/protein%20boxes/htgfphy1qoslg7zoe9at.avif,https://res.cloudinary.com/dkav9fvlo/image/upload/v1735323163/Starbucks-API/products/food/lunch/protein%20boxes/cf84bl1yfogoa6ctn0hk.avif
194,54,Cheddar & Uncured Salami Protein Box,https://res.cloudinary.com/dkav9fvlo/image/upload/v1735225715/Starbucks-API/Sub%20categories/food/lunch/protein%20boxes/ot0mr9a2gnecu7pfnwhn.avif,https://res.cloudinary.com/dkav9fvlo/image/upload/v1735323163/Starbucks-API/products/food/lunch/protein%20boxes/pscuaif1r8xr5jnicj0b.avif
195,54,Eggs & Cheddar Protein Box,https://res.cloudinary.com/dkav9fvlo/image/upload/v1735225715/Starbucks-API/Sub%20categories/food/lunch/protein%20boxes/my3iqhg0t2gqqygerikv.avif,https://res.cloudinary.com/dkav9fvlo/image/upload/v1735323163/Starbucks-API/products/food/lunch/protein%20boxes/v833hx1otb4y8zzni533.avif
196,54,Cheese & Fruit Protein Box,https://res.cloudinary.com/dkav9fvlo/image/upload/v1735225715/Starbucks-API/Sub%20categories/food/lunch/protein%20boxes/umwywmo3wceu7z5huori.avif,https://res.cloudinary.com/dkav9fvlo/image/upload/v1735323163/Starbucks-API/products/food/lunch/protein%20boxes/sayslck0dzwkiwiflukz.avif
197,55,Perfect Bar® - Dark Chocolate Chip Peanut Butter,https://res.cloudinary.com/dkav9fvlo/image/upload/v1735226692/Starbucks-API/Sub%20categories/food/snacks%20and%20sweets/snack%20bars/jlxzbnz86yk7ff6redbo.avif,https://res.cloudinary.com/dkav9fvlo/image/upload/v1735324141/Starbucks-API/products/food/snacks%20and%20sweets/snack%20bars/j7dixpz7ethgutuv5czx.avif
198,55,Perfect Bar® Peanut Butter,https://res.cloudinary.com/dkav9fvlo/image/upload/v1735226692/Starbucks-API/Sub%20categories/food/snacks%20and%20sweets/snack%20bars/gv06vidjvhzxfzw0dszq.avif,https://res.cloudinary.com/dkav9fvlo/image/upload/v1735324141/Starbucks-API/products/food/snacks%20and%20sweets/snack%20bars/kgydqsener1cp9xtgti4.avif
199,55,KIND - Almond Coconut Cashew Chai,https://res.cloudinary.com/dkav9fvlo/image/upload/v1735226692/Starbucks-API/Sub%20categories/food/snacks%20and%20sweets/snack%20bars/lbhjjtcksv4vjh7vo0h7.avif,https://res.cloudinary.com/dkav9fvlo/image/upload/v1735324141/Starbucks-API/products/food/snacks%20and%20sweets/snack%20bars/tacntuqhtodttb53qwwa.avif
200,55,KIND Peanut Butter Dark Chocolate Bar,https://res.cloudinary.com/dkav9fvlo/image/upload/v1735226692/Starbucks-API/Sub%20categories/food/snacks%20and%20sweets/snack%20bars/xeyvdwmjsocggfxfgstz.avif,https://res.cloudinary.com/dkav9fvlo/image/upload/v1735324141/Starbucks-API/products/food/snacks%20and%20sweets/snack%20bars/mshw7mepvwrtjopnf3oa.avif
201,55,KIND® Salted Caramel & Dark Chocolate Nut Bar,https://res.cloudinary.com/dkav9fvlo/image/upload/v1735226693/Starbucks-API/Sub%20categories/food/snacks%20and%20sweets/snack%20bars/kmnat8rx0emslvsqlc5l.avif,https://res.cloudinary.com/dkav9fvlo/image/upload/v1735324141/Starbucks-API/products/food/snacks%20and%20sweets/snack%20bars/rtmuadid71t2hkphrbgf.avif
202,55,That's It® - Apple + Mango Bar,https://res.cloudinary.com/dkav9fvlo/image/upload/v1735226691/Starbucks-API/Sub%20categories/food/snacks%20and%20sweets/snack%20bars/wibqwffpcfyszc8iddha.avif,https://res.cloudinary.com/dkav9fvlo/image/upload/v1735324140/Starbucks-API/products/food/snacks%20and%20sweets/snack%20bars/ejccp2dct1e5qmptclbt.avif
203,55,That's It® - Apple + Blueberry Bar,https://res.cloudinary.com/dkav9fvlo/image/upload/v1735226692/Starbucks-API/Sub%20categories/food/snacks%20and%20sweets/snack%20bars/chdqhj33igh3vi3znmar.avif,https://res.cloudinary.com/dkav9fvlo/image/upload/v1735324141/Starbucks-API/products/food/snacks%20and%20sweets/snack%20bars/wvx3nwoofbek9ggwvzol.avif
204,56,Siete Sea Salt Kettle Cooked Potato Chips,https://res.cloudinary.com/dkav9fvlo/image/upload/v1735226691/Starbucks-API/Sub%20categories/food/snacks%20and%20sweets/popcorn%20and%20chips/n7u5rdtaj7cofjtpatng.avif,https://res.cloudinary.com/dkav9fvlo/image/upload/v1735324140/Starbucks-API/products/food/snacks%20and%20sweets/popcorn%20and%20chips/oqa3eaccjzhi4a2ydtmh.avif
205,56,Siete Lime Grain Free Tortilla Chips,https://res.cloudinary.com/dkav9fvlo/image/upload/v1735226691/Starbucks-API/Sub%20categories/food/snacks%20and%20sweets/popcorn%20and%20chips/sxdgdwqtvmsxfyabribe.avif,https://res.cloudinary.com/dkav9fvlo/image/upload/v1735324140/Starbucks-API/products/food/snacks%20and%20sweets/popcorn%20and%20chips/cysxm5kcpbeum4gmipo5.avif
206,56,Starbucks Butter Popcorn,https://res.cloudinary.com/dkav9fvlo/image/upload/v1735226690/Starbucks-API/Sub%20categories/food/snacks%20and%20sweets/popcorn%20and%20chips/aulbstte52kl6wbozi82.avif,https://res.cloudinary.com/dkav9fvlo/image/upload/v1735324139/Starbucks-API/products/food/snacks%20and%20sweets/popcorn%20and%20chips/wbrkfxl2bvxam2jgkqtq.avif
207,56,Perfectly Salted Chips,https://res.cloudinary.com/dkav9fvlo/image/upload/v1735226691/Starbucks-API/Sub%20categories/food/snacks%20and%20sweets/popcorn%20and%20chips/hpnegb21nkyh0haqc4jk.avif,https://res.cloudinary.com/dkav9fvlo/image/upload/v1735324140/Starbucks-API/products/food/snacks%20and%20sweets/popcorn%20and%20chips/yamp66andngqz5n0zawy.avif
208,56,Country Archer - Hickory Smoked Turkey Jerkey,https://res.cloudinary.com/dkav9fvlo/image/upload/v1735226690/Starbucks-API/Sub%20categories/food/snacks%20and%20sweets/meat%20and%20cheese/gdjjx6eek1zbmj1cu4ha.avif,https://res.cloudinary.com/dkav9fvlo/image/upload/v1735324139/Starbucks-API/products/food/snacks%20and%20sweets/meat%20and%20cheese/ws8haxwltdiqumiovost.avif
209,57,Madeleines,https://res.cloudinary.com/dkav9fvlo/image/upload/v1735226688/Starbucks-API/Sub%20categories/food/snacks%20and%20sweets/biscotti%20and%20cookies/obqtmkoqu3vxogmh8j4h.avif,https://res.cloudinary.com/dkav9fvlo/image/upload/v1735324137/Starbucks-API/products/food/snacks%20and%20sweets/biscotti%20and%20cookies/qydbzedg7azg1funnjsi.avif
210,57,Vanilla Biscotti with Almonds,https://res.cloudinary.com/dkav9fvlo/image/upload/v1735226688/Starbucks-API/Sub%20categories/food/snacks%20and%20sweets/biscotti%20and%20cookies/snsllomf83scscillppb.avif,https://res.cloudinary.com/dkav9fvlo/image/upload/v1735324137/Starbucks-API/products/food/snacks%20and%20sweets/biscotti%20and%20cookies/stqymsc4vao28xp7rnmq.avif
211,57,SkinnyDipped Dark Chocolate Cocoa Almonds,https://res.cloudinary.com/dkav9fvlo/image/upload/v1735226689/Starbucks-API/Sub%20categories/food/snacks%20and%20sweets/fruit%20and%20nuts/vxihququvzoyezsz1jxu.avif,https://res.cloudinary.com/dkav9fvlo/image/upload/v1735324138/Starbucks-API/products/food/snacks%20and%20sweets/fruit%20and%20nuts/ieajoobl4e3zodierymw.avif
212,57,SkinnyDipped Lemon Bliss Almonds,https://res.cloudinary.com/dkav9fvlo/image/upload/v1735226689/Starbucks-API/Sub%20categories/food/snacks%20and%20sweets/fruit%20and%20nuts/bxyxcylj8kxbawukjg7n.avif,https://res.cloudinary.com/dkav9fvlo/image/upload/v1735324139/Starbucks-API/products/food/snacks%20and%20sweets/fruit%20and%20nuts/gpgnnzmd9y26qeljv1cp.avif
213,58,Peter Rabbit™ Organics Strawberry Banana,https://res.cloudinary.com/dkav9fvlo/image/upload/v1735226689/Starbucks-API/Sub%20categories/food/snacks%20and%20sweets/fruit%20and%20nuts/zqmt9rlgoxz35xwluooe.avif,https://res.cloudinary.com/dkav9fvlo/image/upload/v1735324138/Starbucks-API/products/food/snacks%20and%20sweets/fruit%20and%20nuts/htaxxp5plli3zrxwe51t.avif
214,59,Avocado Spread,https://res.cloudinary.com/dkav9fvlo/image/upload/v1735226693/Starbucks-API/Sub%20categories/food/snacks%20and%20sweets/spreads/ibzvx0rupih78zkkazrq.avif,https://res.cloudinary.com/dkav9fvlo/image/upload/v1735324142/Starbucks-API/products/food/snacks%20and%20sweets/spreads/axmhrrlfwt6klf0jgqy3.avif
215,60,Starbucks® Green Apron Blend™,https://res.cloudinary.com/dkav9fvlo/image/upload/v1735235787/Starbucks-API/Sub%20categories/at%20home%20coffee/whole%20bean/blonde%20roast/bacnql4xdbr26ep83hk1.avif,https://res.cloudinary.com/dkav9fvlo/image/upload/v1735325886/Starbucks-API/products/at%20home%20coffee/whole%20bean/blonde%20roast/nac8zoihjvhbfuq786rk.avif
216,60,Starbucks® Blonde Espresso Roast,https://res.cloudinary.com/dkav9fvlo/image/upload/v1735235786/Starbucks-API/Sub%20categories/at%20home%20coffee/whole%20bean/blonde%20roast/sguhhqirtusnrk6azb9x.avif,https://res.cloudinary.com/dkav9fvlo/image/upload/v1735325885/Starbucks-API/products/at%20home%20coffee/whole%20bean/blonde%20roast/f0glph9eobnohdvdkmum.avif
217,60,Veranda Blend®,https://res.cloudinary.com/dkav9fvlo/image/upload/v1735235786/Starbucks-API/Sub%20categories/at%20home%20coffee/whole%20bean/blonde%20roast/emm90nvwllp0trs1vqtl.avif,https://res.cloudinary.com/dkav9fvlo/image/upload/v1735325885/Starbucks-API/products/at%20home%20coffee/whole%20bean/blonde%20roast/hoxfp5hazt5j6grprhzx.avif
218,61,Starbucks Siren’s Blend™,https://res.cloudinary.com/dkav9fvlo/image/upload/v1735235790/Starbucks-API/Sub%20categories/at%20home%20coffee/whole%20bean/medium%20roast/q5n790intagjvifdzngh.avif,https://res.cloudinary.com/dkav9fvlo/image/upload/v1735326326/Starbucks-API/products/at%20home%20coffee/whole%20bean/medium%20roast/xmaeldvlsynrkxdntpde.avif
219,61,Guatemala Antigua,https://res.cloudinary.com/dkav9fvlo/image/upload/v1735235789/Starbucks-API/Sub%20categories/at%20home%20coffee/whole%20bean/medium%20roast/qj0ajx3e1wrojrysn56y.avif,https://res.cloudinary.com/dkav9fvlo/image/upload/v1735326326/Starbucks-API/products/at%20home%20coffee/whole%20bean/medium%20roast/lxhwlmugwvpbhjx4zpqc.avif
220,61,Pike Place® Roast,https://res.cloudinary.com/dkav9fvlo/image/upload/v1735235790/Starbucks-API/Sub%20categories/at%20home%20coffee/whole%20bean/medium%20roast/vq90cf1883r3vq2r4pio.avif,https://res.cloudinary.com/dkav9fvlo/image/upload/v1735326326/Starbucks-API/products/at%20home%20coffee/whole%20bean/medium%20roast/e9odg9m1hmmu6pkl9qhh.avif
221,61,Organic Yukon Blend®,https://res.cloudinary.com/dkav9fvlo/image/upload/v1735235790/Starbucks-API/Sub%20categories/at%20home%20coffee/whole%20bean/medium%20roast/mc1kqfoacxb9jre09iku.avif,https://res.cloudinary.com/dkav9fvlo/image/upload/v1735326327/Starbucks-API/products/at%20home%20coffee/whole%20bean/medium%20roast/fteaayvcaxaext0lcxyr.avif
222,61,Guatemala Casi Cielo®,https://res.cloudinary.com/dkav9fvlo/image/upload/v1735235789/Starbucks-API/Sub%20categories/at%20home%20coffee/whole%20bean/medium%20roast/vg0j8eh8l8gnjudpzetm.avif,https://res.cloudinary.com/dkav9fvlo/image/upload/v1735326325/Starbucks-API/products/at%20home%20coffee/whole%20bean/medium%20roast/lngrtgmnugoerkawz6hp.avif
223,62,Decaf Sumatra,https://res.cloudinary.com/dkav9fvlo/image/upload/v1735235788/Starbucks-API/Sub%20categories/at%20home%20coffee/whole%20bean/dark%20roast/rly1xlqd6qt7npqsjuam.avif,https://res.cloudinary.com/dkav9fvlo/image/upload/v1735325886/Starbucks-API/products/at%20home%20coffee/whole%20bean/dark%20roast/gfqfugpp2owwwkgw3btv.avif
224,62,Caffè Verona®,https://res.cloudinary.com/dkav9fvlo/image/upload/v1735235787/Starbucks-API/Sub%20categories/at%20home%20coffee/whole%20bean/dark%20roast/jnzanvarct46kjoh8zg4.avif,https://res.cloudinary.com/dkav9fvlo/image/upload/v1735325886/Starbucks-API/products/at%20home%20coffee/whole%20bean/dark%20roast/be52elmrkd6fxcmxdxnn.avif
225,62,Espresso Roast,https://res.cloudinary.com/dkav9fvlo/image/upload/v1735235788/Starbucks-API/Sub%20categories/at%20home%20coffee/whole%20bean/dark%20roast/rhrhrjuefufowot4shyd.avif,https://res.cloudinary.com/dkav9fvlo/image/upload/v1735325916/Starbucks-API/products/at%20home%20coffee/whole%20bean/dark%20roast/bt9ymhqmn64uxmgzuos9.avif
226,62,Italian Roast,https://res.cloudinary.com/dkav9fvlo/image/upload/v1735235788/Starbucks-API/Sub%20categories/at%20home%20coffee/whole%20bean/dark%20roast/bdht2rmthxu93yhliaya.avif,https://res.cloudinary.com/dkav9fvlo/image/upload/v1735326325/Starbucks-API/products/at%20home%20coffee/whole%20bean/dark%20roast/cdum11npsbd0s4pfntar.avif
227,62,Komodo Dragon Blend®,https://res.cloudinary.com/dkav9fvlo/image/upload/v1735235788/Starbucks-API/Sub%20categories/at%20home%20coffee/whole%20bean/dark%20roast/pzifedyhhgj95zdtixws.avif,https://res.cloudinary.com/dkav9fvlo/image/upload/v1735326325/Starbucks-API/products/at%20home%20coffee/whole%20bean/dark%20roast/maj5amb1qbkuqtnugklw.avif
228,62,Sumatra,https://res.cloudinary.com/dkav9fvlo/image/upload/v1735235788/Starbucks-API/Sub%20categories/at%20home%20coffee/whole%20bean/dark%20roast/rly1xlqd6qt7npqsjuam.avif,https://res.cloudinary.com/dkav9fvlo/image/upload/v1735326325/Starbucks-API/products/at%20home%20coffee/whole%20bean/dark%20roast/nd7o5wmcbs1gyuyautwd.avif
229,63,VIA® Sweetened Iced Coffee,https://res.cloudinary.com/dkav9fvlo/image/upload/v1735235785/Starbucks-API/Sub%20categories/at%20home%20coffee/via%20instant/flavored/ilhfkke6kscwjv9tz1cq.avif,https://res.cloudinary.com/dkav9fvlo/image/upload/v1735325885/Starbucks-API/products/at%20home%20coffee/via%20instant/flavored/urkg89up01lofgpcr32t.avif
230,64,VIA® Veranda Blend™,https://res.cloudinary.com/dkav9fvlo/image/upload/v1735235785/Starbucks-API/Sub%20categories/at%20home%20coffee/via%20instant/blonde%20roast/ituxfvxvliisp7aiop94.avif,https://res.cloudinary.com/dkav9fvlo/image/upload/v1735325884/Starbucks-API/products/at%20home%20coffee/via%20instant/blonde%20roast/yumy8fniqbvfw5g8nust.avif
231,65,Starbucks VIA® Instant Pike Place® Roast,https://res.cloudinary.com/dkav9fvlo/image/upload/v1735235786/Starbucks-API/Sub%20categories/at%20home%20coffee/via%20instant/medium%20roast/fjzqeo5i9navewegpylv.avif,https://res.cloudinary.com/dkav9fvlo/image/upload/v1735325885/Starbucks-API/products/at%20home%20coffee/via%20instant/medium%20roast/jyfunjjcwruzr8ehcnxk.avif
232,66,VIA® Italian Roast,https://res.cloudinary.com/dkav9fvlo/image/upload/v1735235785/Starbucks-API/Sub%20categories/at%20home%20coffee/via%20instant/dark%20roast/yl0eutl7zggkrlnfdjlr.avif,https://res.cloudinary.com/dkav9fvlo/image/upload/v1735325885/Starbucks-API/products/at%20home%20coffee/via%20instant/dark%20roast/xkl39c5mgq3fgvc2qxlk.avif
233,66,VIA® Decaf Italian Roast,https://res.cloudinary.com/dkav9fvlo/image/upload/v1735235785/Starbucks-API/Sub%20categories/at%20home%20coffee/via%20instant/dark%20roast/ubplxptlhtoieglmzqld.avif,https://res.cloudinary.com/dkav9fvlo/image/upload/v1735325884/Starbucks-API/products/at%20home%20coffee/via%20instant/dark%20roast/diyh3gxuyill4r2jpnw5.avif
234,67,Purple Recycled Glass Cold Cup - 16 fl oz,https://res.cloudinary.com/dkav9fvlo/image/upload/v1736274199/Starbucks-API/Sub%20categories/merchandise/cold%20cups/coqkadftjl4xbz7crnak.avif,https://res.cloudinary.com/dkav9fvlo/image/upload/v1736274163/Starbucks-API/products/merchandise/cold%20cups/hits0b5hp8gwpuxiyx0t.avif
235,67,Purple Recycled Stainless-Steel Cold Cup - 24 fl oz,https://res.cloudinary.com/dkav9fvlo/image/upload/v1736274199/Starbucks-API/Sub%20categories/merchandise/cold%20cups/ubdxfim4td8fhrz9qyww.avif,https://res.cloudinary.com/dkav9fvlo/image/upload/v1736274163/Starbucks-API/products/merchandise/cold%20cups/vgfvisvvyb5h4tdshjyg.avif
236,67,White Soft-Touch Stainless-Steel Vacuum Cold Cup - 24 fl oz,https://res.cloudinary.com/dkav9fvlo/image/upload/v1736274199/Starbucks-API/Sub%20categories/merchandise/cold%20cups/bfwxkmuxysezmvvzmoiu.avif,https://res.cloudinary.com/dkav9fvlo/image/upload/v1736274163/Starbucks-API/products/merchandise/cold%20cups/kaubjmevwyihhcxecelu.avif
237,67,Black Kaleidoscope Shell Plastic Cold Cup - 24 fl oz,https://res.cloudinary.com/dkav9fvlo/image/upload/v1736274199/Starbucks-API/Sub%20categories/merchandise/cold%20cups/tuun4jojuhavgql0solk.avif,https://res.cloudinary.com/dkav9fvlo/image/upload/v1736274163/Starbucks-API/products/merchandise/cold%20cups/ztucocq1eiz117nzsw48.avif
238,68,Purple Recycled Plastic Tumbler - 16 fl oz,https://res.cloudinary.com/dkav9fvlo/image/upload/v1736274245/Starbucks-API/Sub%20categories/merchandise/tumblers/koconybzedb3716y7lbc.avif,https://res.cloudinary.com/dkav9fvlo/image/upload/v1736274122/Starbucks-API/products/merchandise/tumblers/wnn3yqlqufd3gqxpjaxw.avif
239,68,Purple Recycled Stainless-Steel Tumbler - 12 fl oz,https://res.cloudinary.com/dkav9fvlo/image/upload/v1736274244/Starbucks-API/Sub%20categories/merchandise/tumblers/icddelytcjkqgpu6siwq.avif,https://res.cloudinary.com/dkav9fvlo/image/upload/v1736274122/Starbucks-API/products/merchandise/tumblers/dhp32h80ckzgixeos0uz.avif
240,68,White Recycled Ceramic Double-Wall Tumbler - 12 fl oz,https://res.cloudinary.com/dkav9fvlo/image/upload/v1735236484/Starbucks-API/Sub%20categories/merchandise/tumblers/sg2yca6zaw7sxfvlwfp7.avif,https://res.cloudinary.com/dkav9fvlo/image/upload/v1735932454/Starbucks-API/products/merchandise/tumblers/mke3mm3gico2djsqrsmf.avif
241,69,Purple Recycled Ceramic Mug - 16 fl oz,https://res.cloudinary.com/dkav9fvlo/image/upload/v1736274200/Starbucks-API/Sub%20categories/merchandise/mugs/hpiijfoa7qxd1bkjcn4i.avif,https://res.cloudinary.com/dkav9fvlo/image/upload/v1736274162/Starbucks-API/products/merchandise/mugs/laesq2dfosghdhj4ffdl.avif
242,69,Black Desktop Ceramic Mug - 14 fl oz,https://res.cloudinary.com/dkav9fvlo/image/upload/v1736274199/Starbucks-API/Sub%20categories/merchandise/mugs/i2bhc6ltcycpae6xqqd7.avif,https://res.cloudinary.com/dkav9fvlo/image/upload/v1736274162/Starbucks-API/products/merchandise/mugs/y8zhcfjfcck1bafwmco9.avif
243,70,Silicone Hot Cup Keychain,https://res.cloudinary.com/dkav9fvlo/image/upload/v1736274219/Starbucks-API/Sub%20categories/merchandise/other/htbmdaypj65br0xrn8lk.avif,https://res.cloudinary.com/dkav9fvlo/image/upload/v1736274082/Starbucks-API/products/merchandise/other/rlfao0xx9njgp6ocx78k.avif
244,70,French Press,https://res.cloudinary.com/dkav9fvlo/image/upload/v1735236483/Starbucks-API/Sub%20categories/merchandise/other/u41cjmoayrvldgntlntm.avif,https://res.cloudinary.com/dkav9fvlo/image/upload/v1735932454/Starbucks-API/products/merchandise/other/h2nc1hsv0c3c4fnftdnh.avif
245,70,Pour Over,https://res.cloudinary.com/dkav9fvlo/image/upload/v1735236483/Starbucks-API/Sub%20categories/merchandise/other/fsd5vrihoxug18kpfk1r.avif,https://res.cloudinary.com/dkav9fvlo/image/upload/v1735932453/Starbucks-API/products/merchandise/other/mhvl1t7rmfrott0eculu.avif
246,70,Small Shopping Bag,https://res.cloudinary.com/dkav9fvlo/image/upload/v1735236483/Starbucks-API/Sub%20categories/merchandise/other/yd0rcjvns1yyjpripkd9.avif,https://res.cloudinary.com/dkav9fvlo/image/upload/v1735932454/Starbucks-API/products/merchandise/other/ygqmx7v71tmr7m93dwlm.avif
